/home/avinash/Desktop/workspace/personal/todo-webapp-with-timer/backend/app.py:19: DeprecationWarning: 
        on_event is deprecated, use lifespan event handlers instead.

        Read more about it in the
        [FastAPI docs for Lifespan Events](https://fastapi.tiangolo.com/advanced/events/).
        
  @app.on_event("startup")
/home/avinash/Desktop/workspace/personal/todo-webapp-with-timer/backend/app.py:23: DeprecationWarning: 
        on_event is deprecated, use lifespan event handlers instead.

        Read more about it in the
        [FastAPI docs for Lifespan Events](https://fastapi.tiangolo.com/advanced/events/).
        
  @app.on_event("shutdown")
INFO:     Will watch for changes in these directories: ['/home/avinash/Desktop/workspace/personal/todo-webapp-with-timer/backend']
INFO:     Uvicorn running on http://127.0.0.1:8000 (Press CTRL+C to quit)
INFO:     Started reloader process [121497] using StatReload
INFO:     Started server process [121533]
INFO:     Waiting for application startup.
INFO:     Application startup complete.
[2025-06-29 07:16:18] INFO - Request: GET /tasks - Body: None
[2025-06-29 07:16:18] INFO - Response: GET /tasks - Status: 200 - Time: 0.003s
INFO:     127.0.0.1:36442 - "GET /tasks HTTP/1.1" 200 OK
/home/avinash/Desktop/workspace/personal/todo-webapp-with-timer/backend/app.py:19: DeprecationWarning: 
        on_event is deprecated, use lifespan event handlers instead.

        Read more about it in the
        [FastAPI docs for Lifespan Events](https://fastapi.tiangolo.com/advanced/events/).
        
  @app.on_event("startup")
/home/avinash/Desktop/workspace/personal/todo-webapp-with-timer/backend/app.py:23: DeprecationWarning: 
        on_event is deprecated, use lifespan event handlers instead.

        Read more about it in the
        [FastAPI docs for Lifespan Events](https://fastapi.tiangolo.com/advanced/events/).
        
  @app.on_event("shutdown")
INFO:     Will watch for changes in these directories: ['/home/avinash/Desktop/workspace/personal/todo-webapp-with-timer/backend']
INFO:     Uvicorn running on http://127.0.0.1:8000 (Press CTRL+C to quit)
INFO:     Started reloader process [122767] using StatReload
INFO:     Started server process [122793]
INFO:     Waiting for application startup.
INFO:     Application startup complete.
/home/avinash/Desktop/workspace/personal/todo-webapp-with-timer/backend/app.py:19: DeprecationWarning: 
        on_event is deprecated, use lifespan event handlers instead.

        Read more about it in the
        [FastAPI docs for Lifespan Events](https://fastapi.tiangolo.com/advanced/events/).
        
  @app.on_event("startup")
/home/avinash/Desktop/workspace/personal/todo-webapp-with-timer/backend/app.py:23: DeprecationWarning: 
        on_event is deprecated, use lifespan event handlers instead.

        Read more about it in the
        [FastAPI docs for Lifespan Events](https://fastapi.tiangolo.com/advanced/events/).
        
  @app.on_event("shutdown")
INFO:     Will watch for changes in these directories: ['/home/avinash/Desktop/workspace/personal/todo-webapp-with-timer/backend']
INFO:     Uvicorn running on http://127.0.0.1:8000 (Press CTRL+C to quit)
INFO:     Started reloader process [123732] using StatReload
INFO:     Started server process [123758]
INFO:     Waiting for application startup.
INFO:     Application startup complete.
/home/avinash/Desktop/workspace/personal/todo-webapp-with-timer/backend/app.py:19: DeprecationWarning: 
        on_event is deprecated, use lifespan event handlers instead.

        Read more about it in the
        [FastAPI docs for Lifespan Events](https://fastapi.tiangolo.com/advanced/events/).
        
  @app.on_event("startup")
/home/avinash/Desktop/workspace/personal/todo-webapp-with-timer/backend/app.py:23: DeprecationWarning: 
        on_event is deprecated, use lifespan event handlers instead.

        Read more about it in the
        [FastAPI docs for Lifespan Events](https://fastapi.tiangolo.com/advanced/events/).
        
  @app.on_event("shutdown")
INFO:     Will watch for changes in these directories: ['/home/avinash/Desktop/workspace/personal/todo-webapp-with-timer/backend']
INFO:     Uvicorn running on http://127.0.0.1:8000 (Press CTRL+C to quit)
INFO:     Started reloader process [124565] using StatReload
INFO:     Started server process [124603]
INFO:     Waiting for application startup.
INFO:     Application startup complete.
/home/avinash/Desktop/workspace/personal/todo-webapp-with-timer/backend/app.py:19: DeprecationWarning: 
        on_event is deprecated, use lifespan event handlers instead.

        Read more about it in the
        [FastAPI docs for Lifespan Events](https://fastapi.tiangolo.com/advanced/events/).
        
  @app.on_event("startup")
/home/avinash/Desktop/workspace/personal/todo-webapp-with-timer/backend/app.py:23: DeprecationWarning: 
        on_event is deprecated, use lifespan event handlers instead.

        Read more about it in the
        [FastAPI docs for Lifespan Events](https://fastapi.tiangolo.com/advanced/events/).
        
  @app.on_event("shutdown")
INFO:     Will watch for changes in these directories: ['/home/avinash/Desktop/workspace/personal/todo-webapp-with-timer/backend']
INFO:     Uvicorn running on http://127.0.0.1:8000 (Press CTRL+C to quit)
INFO:     Started reloader process [124811] using StatReload
INFO:     Started server process [124848]
INFO:     Waiting for application startup.
INFO:     Application startup complete.
/home/avinash/Desktop/workspace/personal/todo-webapp-with-timer/backend/app.py:19: DeprecationWarning: 
        on_event is deprecated, use lifespan event handlers instead.

        Read more about it in the
        [FastAPI docs for Lifespan Events](https://fastapi.tiangolo.com/advanced/events/).
        
  @app.on_event("startup")
/home/avinash/Desktop/workspace/personal/todo-webapp-with-timer/backend/app.py:23: DeprecationWarning: 
        on_event is deprecated, use lifespan event handlers instead.

        Read more about it in the
        [FastAPI docs for Lifespan Events](https://fastapi.tiangolo.com/advanced/events/).
        
  @app.on_event("shutdown")
INFO:     Will watch for changes in these directories: ['/home/avinash/Desktop/workspace/personal/todo-webapp-with-timer/backend']
INFO:     Uvicorn running on http://127.0.0.1:8000 (Press CTRL+C to quit)
INFO:     Started reloader process [125741] using StatReload
INFO:     Started server process [125766]
INFO:     Waiting for application startup.
INFO:     Application startup complete.
/home/avinash/Desktop/workspace/personal/todo-webapp-with-timer/backend/app.py:19: DeprecationWarning: 
        on_event is deprecated, use lifespan event handlers instead.

        Read more about it in the
        [FastAPI docs for Lifespan Events](https://fastapi.tiangolo.com/advanced/events/).
        
  @app.on_event("startup")
/home/avinash/Desktop/workspace/personal/todo-webapp-with-timer/backend/app.py:23: DeprecationWarning: 
        on_event is deprecated, use lifespan event handlers instead.

        Read more about it in the
        [FastAPI docs for Lifespan Events](https://fastapi.tiangolo.com/advanced/events/).
        
  @app.on_event("shutdown")
INFO:     Will watch for changes in these directories: ['/home/avinash/Desktop/workspace/personal/todo-webapp-with-timer/backend']
INFO:     Uvicorn running on http://127.0.0.1:8000 (Press CTRL+C to quit)
INFO:     Started reloader process [126293] using StatReload
INFO:     Started server process [126320]
INFO:     Waiting for application startup.
INFO:     Application startup complete.
WARNING:  StatReload detected changes in 'tasks/repository.py'. Reloading...
INFO:     Shutting down
INFO:     Waiting for application shutdown.
INFO:     Application shutdown complete.
INFO:     Finished server process [126320]
INFO:     Started server process [127654]
INFO:     Waiting for application startup.
INFO:     Application startup complete.
WARNING:  StatReload detected changes in 'tasks/repository.py'. Reloading...
INFO:     Shutting down
INFO:     Waiting for application shutdown.
INFO:     Application shutdown complete.
INFO:     Finished server process [127654]
INFO:     Started server process [127671]
INFO:     Waiting for application startup.
INFO:     Application startup complete.
WARNING:  StatReload detected changes in 'tasks/routes.py'. Reloading...
INFO:     Shutting down
INFO:     Waiting for application shutdown.
INFO:     Application shutdown complete.
INFO:     Finished server process [127671]
INFO:     Started server process [127698]
INFO:     Waiting for application startup.
INFO:     Application startup complete.
WARNING:  StatReload detected changes in 'tasks/repository.py'. Reloading...
INFO:     Shutting down
INFO:     Waiting for application shutdown.
INFO:     Application shutdown complete.
INFO:     Finished server process [127698]
INFO:     Started server process [127717]
INFO:     Waiting for application startup.
INFO:     Application startup complete.
WARNING:  StatReload detected changes in 'tasks/repository.py'. Reloading...
INFO:     Shutting down
INFO:     Waiting for application shutdown.
INFO:     Application shutdown complete.
INFO:     Finished server process [127717]
INFO:     Started server process [127732]
INFO:     Waiting for application startup.
INFO:     Application startup complete.
WARNING:  StatReload detected changes in 'tasks/repository.py'. Reloading...
INFO:     Shutting down
INFO:     Waiting for application shutdown.
INFO:     Application shutdown complete.
INFO:     Finished server process [127732]
INFO:     Started server process [127748]
INFO:     Waiting for application startup.
INFO:     Application startup complete.
WARNING:  StatReload detected changes in 'tasks/repository.py'. Reloading...
INFO:     Shutting down
INFO:     Waiting for application shutdown.
INFO:     Application shutdown complete.
INFO:     Finished server process [127748]
INFO:     Started server process [127763]
INFO:     Waiting for application startup.
INFO:     Application startup complete.
WARNING:  StatReload detected changes in 'tasks/repository.py'. Reloading...
INFO:     Shutting down
INFO:     Waiting for application shutdown.
INFO:     Application shutdown complete.
INFO:     Finished server process [127763]
INFO:     Started server process [127780]
INFO:     Waiting for application startup.
INFO:     Application startup complete.
WARNING:  StatReload detected changes in 'tasks/routes.py'. Reloading...
INFO:     Shutting down
INFO:     Waiting for application shutdown.
INFO:     Application shutdown complete.
INFO:     Finished server process [127780]
Traceback (most recent call last):
  File "<string>", line 1, in <module>
    from multiprocessing.spawn import spawn_main; spawn_main(tracker_fd=5, pipe_handle=7)
                                                  ~~~~~~~~~~^^^^^^^^^^^^^^^^^^^^^^^^^^^^^
  File "/usr/lib/python3.13/multiprocessing/spawn.py", line 122, in spawn_main
    exitcode = _main(fd, parent_sentinel)
  File "/usr/lib/python3.13/multiprocessing/spawn.py", line 131, in _main
    prepare(preparation_data)
    ~~~~~~~^^^^^^^^^^^^^^^^^^
  File "/usr/lib/python3.13/multiprocessing/spawn.py", line 246, in prepare
    _fixup_main_from_path(data['init_main_from_path'])
    ~~~~~~~~~~~~~~~~~~~~~^^^^^^^^^^^^^^^^^^^^^^^^^^^^^
  File "/usr/lib/python3.13/multiprocessing/spawn.py", line 297, in _fixup_main_from_path
    main_content = runpy.run_path(main_path,
                                  run_name="__mp_main__")
  File "<frozen runpy>", line 287, in run_path
  File "<frozen runpy>", line 98, in _run_module_code
  File "<frozen runpy>", line 88, in _run_code
  File "/home/avinash/Desktop/workspace/personal/todo-webapp-with-timer/backend/app.py", line 8, in <module>
    from tasks.routes import tasks_router
  File "/home/avinash/Desktop/workspace/personal/todo-webapp-with-timer/backend/tasks/routes.py", line 5, in <module>
    from tasks import db
ImportError: cannot import name 'db' from 'tasks' (unknown location)
WARNING:  StatReload detected changes in 'tasks/routes.py'. Reloading...
INFO:     Started server process [127812]
INFO:     Waiting for application startup.
INFO:     Application startup complete.
WARNING:  StatReload detected changes in 'tasks/routes.py'. Reloading...
INFO:     Shutting down
INFO:     Waiting for application shutdown.
INFO:     Application shutdown complete.
INFO:     Finished server process [127812]
INFO:     Started server process [127836]
INFO:     Waiting for application startup.
INFO:     Application startup complete.
WARNING:  StatReload detected changes in 'tasks/repository.py'. Reloading...
INFO:     Shutting down
INFO:     Waiting for application shutdown.
INFO:     Application shutdown complete.
INFO:     Finished server process [127836]
INFO:     Started server process [127862]
INFO:     Waiting for application startup.
INFO:     Application startup complete.
WARNING:  StatReload detected changes in 'tasks/repository.py'. Reloading...
INFO:     Shutting down
INFO:     Waiting for application shutdown.
INFO:     Application shutdown complete.
INFO:     Finished server process [127862]
INFO:     Started server process [127895]
INFO:     Waiting for application startup.
INFO:     Application startup complete.
WARNING:  StatReload detected changes in 'tasks/routes.py'. Reloading...
INFO:     Shutting down
INFO:     Waiting for application shutdown.
INFO:     Application shutdown complete.
INFO:     Finished server process [127895]
INFO:     Started server process [127919]
INFO:     Waiting for application startup.
INFO:     Application startup complete.
WARNING:  StatReload detected changes in 'tasks/routes.py'. Reloading...
INFO:     Shutting down
INFO:     Waiting for application shutdown.
INFO:     Application shutdown complete.
INFO:     Finished server process [127919]
INFO:     Started server process [127950]
INFO:     Waiting for application startup.
INFO:     Application startup complete.
WARNING:  StatReload detected changes in 'tasks/routes.py'. Reloading...
INFO:     Shutting down
INFO:     Waiting for application shutdown.
INFO:     Application shutdown complete.
INFO:     Finished server process [127950]
INFO:     Started server process [127971]
INFO:     Waiting for application startup.
INFO:     Application startup complete.
WARNING:  StatReload detected changes in 'tasks/repository.py'. Reloading...
INFO:     Shutting down
INFO:     Waiting for application shutdown.
INFO:     Application shutdown complete.
INFO:     Finished server process [127971]
INFO:     Started server process [127991]
INFO:     Waiting for application startup.
INFO:     Application startup complete.
WARNING:  StatReload detected changes in 'tasks/repository.py'. Reloading...
INFO:     Shutting down
INFO:     Waiting for application shutdown.
INFO:     Application shutdown complete.
INFO:     Finished server process [127991]
INFO:     Started server process [128009]
INFO:     Waiting for application startup.
INFO:     Application startup complete.
WARNING:  StatReload detected changes in 'tasks/repository.py'. Reloading...
INFO:     Shutting down
INFO:     Waiting for application shutdown.
INFO:     Application shutdown complete.
INFO:     Finished server process [128009]
INFO:     Started server process [128040]
INFO:     Waiting for application startup.
INFO:     Application startup complete.
WARNING:  StatReload detected changes in 'tasks/repository.py'. Reloading...
INFO:     Shutting down
INFO:     Waiting for application shutdown.
INFO:     Application shutdown complete.
INFO:     Finished server process [128040]
Traceback (most recent call last):
  File "<string>", line 1, in <module>
    from multiprocessing.spawn import spawn_main; spawn_main(tracker_fd=5, pipe_handle=7)
                                                  ~~~~~~~~~~^^^^^^^^^^^^^^^^^^^^^^^^^^^^^
  File "/usr/lib/python3.13/multiprocessing/spawn.py", line 122, in spawn_main
    exitcode = _main(fd, parent_sentinel)
  File "/usr/lib/python3.13/multiprocessing/spawn.py", line 131, in _main
    prepare(preparation_data)
    ~~~~~~~^^^^^^^^^^^^^^^^^^
  File "/usr/lib/python3.13/multiprocessing/spawn.py", line 246, in prepare
    _fixup_main_from_path(data['init_main_from_path'])
    ~~~~~~~~~~~~~~~~~~~~~^^^^^^^^^^^^^^^^^^^^^^^^^^^^^
  File "/usr/lib/python3.13/multiprocessing/spawn.py", line 297, in _fixup_main_from_path
    main_content = runpy.run_path(main_path,
                                  run_name="__mp_main__")
  File "<frozen runpy>", line 287, in run_path
  File "<frozen runpy>", line 98, in _run_module_code
  File "<frozen runpy>", line 88, in _run_code
  File "/home/avinash/Desktop/workspace/personal/todo-webapp-with-timer/backend/app.py", line 8, in <module>
    from tasks.routes import tasks_router
  File "/home/avinash/Desktop/workspace/personal/todo-webapp-with-timer/backend/tasks/routes.py", line 5, in <module>
    from tasks.repository import RepositoryTasks
  File "/home/avinash/Desktop/workspace/personal/todo-webapp-with-timer/backend/tasks/repository.py", line 16
    return data
IndentationError: unexpected indent
WARNING:  StatReload detected changes in 'tasks/repository.py'. Reloading...
Traceback (most recent call last):
  File "<string>", line 1, in <module>
    from multiprocessing.spawn import spawn_main; spawn_main(tracker_fd=5, pipe_handle=7)
                                                  ~~~~~~~~~~^^^^^^^^^^^^^^^^^^^^^^^^^^^^^
  File "/usr/lib/python3.13/multiprocessing/spawn.py", line 122, in spawn_main
    exitcode = _main(fd, parent_sentinel)
  File "/usr/lib/python3.13/multiprocessing/spawn.py", line 131, in _main
    prepare(preparation_data)
    ~~~~~~~^^^^^^^^^^^^^^^^^^
  File "/usr/lib/python3.13/multiprocessing/spawn.py", line 246, in prepare
    _fixup_main_from_path(data['init_main_from_path'])
    ~~~~~~~~~~~~~~~~~~~~~^^^^^^^^^^^^^^^^^^^^^^^^^^^^^
  File "/usr/lib/python3.13/multiprocessing/spawn.py", line 297, in _fixup_main_from_path
    main_content = runpy.run_path(main_path,
                                  run_name="__mp_main__")
  File "<frozen runpy>", line 287, in run_path
  File "<frozen runpy>", line 98, in _run_module_code
  File "<frozen runpy>", line 88, in _run_code
  File "/home/avinash/Desktop/workspace/personal/todo-webapp-with-timer/backend/app.py", line 8, in <module>
    from tasks.routes import tasks_router
  File "/home/avinash/Desktop/workspace/personal/todo-webapp-with-timer/backend/tasks/routes.py", line 5, in <module>
    from tasks.repository import RepositoryTasks
  File "/home/avinash/Desktop/workspace/personal/todo-webapp-with-timer/backend/tasks/repository.py", line 14
    values = {"title": "Walk dog", "body": "30 mins in the park"}
                                                                 ^
IndentationError: unindent does not match any outer indentation level
WARNING:  StatReload detected changes in 'tasks/repository.py'. Reloading...
INFO:     Started server process [128074]
INFO:     Waiting for application startup.
INFO:     Application startup complete.
WARNING:  StatReload detected changes in 'tasks/repository.py'. Reloading...
INFO:     Shutting down
INFO:     Waiting for application shutdown.
INFO:     Application shutdown complete.
INFO:     Finished server process [128074]
INFO:     Started server process [128302]
INFO:     Waiting for application startup.
INFO:     Application startup complete.
WARNING:  StatReload detected changes in 'tasks/repository.py'. Reloading...
INFO:     Shutting down
INFO:     Waiting for application shutdown.
INFO:     Application shutdown complete.
INFO:     Finished server process [128302]
INFO:     Started server process [128317]
INFO:     Waiting for application startup.
INFO:     Application startup complete.
WARNING:  StatReload detected changes in 'tasks/repository.py'. Reloading...
INFO:     Shutting down
INFO:     Waiting for application shutdown.
INFO:     Application shutdown complete.
INFO:     Finished server process [128317]
INFO:     Started server process [128333]
INFO:     Waiting for application startup.
INFO:     Application startup complete.
WARNING:  StatReload detected changes in 'tasks/repository.py'. Reloading...
INFO:     Shutting down
INFO:     Waiting for application shutdown.
INFO:     Application shutdown complete.
INFO:     Finished server process [128333]
INFO:     Started server process [128348]
INFO:     Waiting for application startup.
INFO:     Application startup complete.
WARNING:  StatReload detected changes in 'tasks/repository.py'. Reloading...
INFO:     Shutting down
INFO:     Waiting for application shutdown.
INFO:     Application shutdown complete.
INFO:     Finished server process [128348]
Traceback (most recent call last):
  File "<string>", line 1, in <module>
    from multiprocessing.spawn import spawn_main; spawn_main(tracker_fd=5, pipe_handle=7)
                                                  ~~~~~~~~~~^^^^^^^^^^^^^^^^^^^^^^^^^^^^^
  File "/usr/lib/python3.13/multiprocessing/spawn.py", line 122, in spawn_main
    exitcode = _main(fd, parent_sentinel)
  File "/usr/lib/python3.13/multiprocessing/spawn.py", line 131, in _main
    prepare(preparation_data)
    ~~~~~~~^^^^^^^^^^^^^^^^^^
  File "/usr/lib/python3.13/multiprocessing/spawn.py", line 246, in prepare
    _fixup_main_from_path(data['init_main_from_path'])
    ~~~~~~~~~~~~~~~~~~~~~^^^^^^^^^^^^^^^^^^^^^^^^^^^^^
  File "/usr/lib/python3.13/multiprocessing/spawn.py", line 297, in _fixup_main_from_path
    main_content = runpy.run_path(main_path,
                                  run_name="__mp_main__")
  File "<frozen runpy>", line 287, in run_path
  File "<frozen runpy>", line 98, in _run_module_code
  File "<frozen runpy>", line 88, in _run_code
  File "/home/avinash/Desktop/workspace/personal/todo-webapp-with-timer/backend/app.py", line 8, in <module>
    from tasks.routes import tasks_router
  File "/home/avinash/Desktop/workspace/personal/todo-webapp-with-timer/backend/tasks/routes.py", line 5, in <module>
    from tasks.repository import RepositoryTasks
  File "/home/avinash/Desktop/workspace/personal/todo-webapp-with-timer/backend/tasks/repository.py", line 2
    from 
         ^
SyntaxError: invalid syntax
WARNING:  StatReload detected changes in 'tasks/repository.py'. Reloading...
Traceback (most recent call last):
  File "<string>", line 1, in <module>
    from multiprocessing.spawn import spawn_main; spawn_main(tracker_fd=5, pipe_handle=7)
                                                  ~~~~~~~~~~^^^^^^^^^^^^^^^^^^^^^^^^^^^^^
  File "/usr/lib/python3.13/multiprocessing/spawn.py", line 122, in spawn_main
    exitcode = _main(fd, parent_sentinel)
  File "/usr/lib/python3.13/multiprocessing/spawn.py", line 131, in _main
    prepare(preparation_data)
    ~~~~~~~^^^^^^^^^^^^^^^^^^
  File "/usr/lib/python3.13/multiprocessing/spawn.py", line 246, in prepare
    _fixup_main_from_path(data['init_main_from_path'])
    ~~~~~~~~~~~~~~~~~~~~~^^^^^^^^^^^^^^^^^^^^^^^^^^^^^
  File "/usr/lib/python3.13/multiprocessing/spawn.py", line 297, in _fixup_main_from_path
    main_content = runpy.run_path(main_path,
                                  run_name="__mp_main__")
  File "<frozen runpy>", line 287, in run_path
  File "<frozen runpy>", line 98, in _run_module_code
  File "<frozen runpy>", line 88, in _run_code
  File "/home/avinash/Desktop/workspace/personal/todo-webapp-with-timer/backend/app.py", line 8, in <module>
    from tasks.routes import tasks_router
  File "/home/avinash/Desktop/workspace/personal/todo-webapp-with-timer/backend/tasks/routes.py", line 5, in <module>
    from tasks.repository import RepositoryTasks
  File "/home/avinash/Desktop/workspace/personal/todo-webapp-with-timer/backend/tasks/repository.py", line 2
    from infra.dt
                 ^
SyntaxError: invalid syntax
WARNING:  StatReload detected changes in 'tasks/repository.py'. Reloading...
Traceback (most recent call last):
  File "<string>", line 1, in <module>
    from multiprocessing.spawn import spawn_main; spawn_main(tracker_fd=5, pipe_handle=7)
                                                  ~~~~~~~~~~^^^^^^^^^^^^^^^^^^^^^^^^^^^^^
  File "/usr/lib/python3.13/multiprocessing/spawn.py", line 122, in spawn_main
    exitcode = _main(fd, parent_sentinel)
  File "/usr/lib/python3.13/multiprocessing/spawn.py", line 131, in _main
    prepare(preparation_data)
    ~~~~~~~^^^^^^^^^^^^^^^^^^
  File "/usr/lib/python3.13/multiprocessing/spawn.py", line 246, in prepare
    _fixup_main_from_path(data['init_main_from_path'])
    ~~~~~~~~~~~~~~~~~~~~~^^^^^^^^^^^^^^^^^^^^^^^^^^^^^
  File "/usr/lib/python3.13/multiprocessing/spawn.py", line 297, in _fixup_main_from_path
    main_content = runpy.run_path(main_path,
                                  run_name="__mp_main__")
  File "<frozen runpy>", line 287, in run_path
  File "<frozen runpy>", line 98, in _run_module_code
  File "<frozen runpy>", line 88, in _run_code
  File "/home/avinash/Desktop/workspace/personal/todo-webapp-with-timer/backend/app.py", line 8, in <module>
    from tasks.routes import tasks_router
  File "/home/avinash/Desktop/workspace/personal/todo-webapp-with-timer/backend/tasks/routes.py", line 5, in <module>
    from tasks.repository import RepositoryTasks
  File "/home/avinash/Desktop/workspace/personal/todo-webapp-with-timer/backend/tasks/repository.py", line 2
    from tasks.dtos import 
                           ^
SyntaxError: Expected one or more names after 'import'
WARNING:  StatReload detected changes in 'tasks/repository.py'. Reloading...
Traceback (most recent call last):
  File "<string>", line 1, in <module>
    from multiprocessing.spawn import spawn_main; spawn_main(tracker_fd=5, pipe_handle=7)
                                                  ~~~~~~~~~~^^^^^^^^^^^^^^^^^^^^^^^^^^^^^
  File "/usr/lib/python3.13/multiprocessing/spawn.py", line 122, in spawn_main
    exitcode = _main(fd, parent_sentinel)
  File "/usr/lib/python3.13/multiprocessing/spawn.py", line 131, in _main
    prepare(preparation_data)
    ~~~~~~~^^^^^^^^^^^^^^^^^^
  File "/usr/lib/python3.13/multiprocessing/spawn.py", line 246, in prepare
    _fixup_main_from_path(data['init_main_from_path'])
    ~~~~~~~~~~~~~~~~~~~~~^^^^^^^^^^^^^^^^^^^^^^^^^^^^^
  File "/usr/lib/python3.13/multiprocessing/spawn.py", line 297, in _fixup_main_from_path
    main_content = runpy.run_path(main_path,
                                  run_name="__mp_main__")
  File "<frozen runpy>", line 287, in run_path
  File "<frozen runpy>", line 98, in _run_module_code
  File "<frozen runpy>", line 88, in _run_code
  File "/home/avinash/Desktop/workspace/personal/todo-webapp-with-timer/backend/app.py", line 8, in <module>
    from tasks.routes import tasks_router
  File "/home/avinash/Desktop/workspace/personal/todo-webapp-with-timer/backend/tasks/routes.py", line 5, in <module>
    from tasks.repository import RepositoryTasks
  File "/home/avinash/Desktop/workspace/personal/todo-webapp-with-timer/backend/tasks/repository.py", line 2
    from tasks.dtos import 
                           ^
SyntaxError: Expected one or more names after 'import'
WARNING:  StatReload detected changes in 'tasks/repository.py'. Reloading...
INFO:     Started server process [128629]
INFO:     Waiting for application startup.
INFO:     Application startup complete.
WARNING:  StatReload detected changes in 'tasks/repository.py'. Reloading...
INFO:     Shutting down
INFO:     Waiting for application shutdown.
INFO:     Application shutdown complete.
INFO:     Finished server process [128629]
Traceback (most recent call last):
  File "<string>", line 1, in <module>
    from multiprocessing.spawn import spawn_main; spawn_main(tracker_fd=5, pipe_handle=7)
                                                  ~~~~~~~~~~^^^^^^^^^^^^^^^^^^^^^^^^^^^^^
  File "/usr/lib/python3.13/multiprocessing/spawn.py", line 122, in spawn_main
    exitcode = _main(fd, parent_sentinel)
  File "/usr/lib/python3.13/multiprocessing/spawn.py", line 131, in _main
    prepare(preparation_data)
    ~~~~~~~^^^^^^^^^^^^^^^^^^
  File "/usr/lib/python3.13/multiprocessing/spawn.py", line 246, in prepare
    _fixup_main_from_path(data['init_main_from_path'])
    ~~~~~~~~~~~~~~~~~~~~~^^^^^^^^^^^^^^^^^^^^^^^^^^^^^
  File "/usr/lib/python3.13/multiprocessing/spawn.py", line 297, in _fixup_main_from_path
    main_content = runpy.run_path(main_path,
                                  run_name="__mp_main__")
  File "<frozen runpy>", line 287, in run_path
  File "<frozen runpy>", line 98, in _run_module_code
  File "<frozen runpy>", line 88, in _run_code
  File "/home/avinash/Desktop/workspace/personal/todo-webapp-with-timer/backend/app.py", line 8, in <module>
    from tasks.routes import tasks_router
  File "/home/avinash/Desktop/workspace/personal/todo-webapp-with-timer/backend/tasks/routes.py", line 5, in <module>
    from tasks.repository import RepositoryTasks
  File "/home/avinash/Desktop/workspace/personal/todo-webapp-with-timer/backend/tasks/repository.py", line 13
    async def add_task(Input.Crea):
                            ^
SyntaxError: invalid syntax
WARNING:  StatReload detected changes in 'tasks/repository.py'. Reloading...
INFO:     Started server process [128652]
INFO:     Waiting for application startup.
INFO:     Application startup complete.
WARNING:  StatReload detected changes in 'tasks/repository.py'. Reloading...
INFO:     Shutting down
INFO:     Waiting for application shutdown.
INFO:     Application shutdown complete.
INFO:     Finished server process [128652]
INFO:     Started server process [128697]
INFO:     Waiting for application startup.
INFO:     Application startup complete.
WARNING:  StatReload detected changes in 'tasks/repository.py'. Reloading...
INFO:     Shutting down
INFO:     Waiting for application shutdown.
INFO:     Application shutdown complete.
INFO:     Finished server process [128697]
INFO:     Started server process [128716]
INFO:     Waiting for application startup.
INFO:     Application startup complete.
WARNING:  StatReload detected changes in 'tasks/repository.py'. Reloading...
INFO:     Shutting down
INFO:     Waiting for application shutdown.
INFO:     Application shutdown complete.
INFO:     Finished server process [128716]
INFO:     Started server process [128740]
INFO:     Waiting for application startup.
INFO:     Application startup complete.
WARNING:  StatReload detected changes in 'tasks/repository.py'. Reloading...
INFO:     Shutting down
INFO:     Waiting for application shutdown.
INFO:     Application shutdown complete.
INFO:     Finished server process [128740]
INFO:     Started server process [128757]
INFO:     Waiting for application startup.
INFO:     Application startup complete.
WARNING:  StatReload detected changes in 'tasks/repository.py'. Reloading...
INFO:     Shutting down
INFO:     Waiting for application shutdown.
INFO:     Application shutdown complete.
INFO:     Finished server process [128757]
INFO:     Started server process [128778]
INFO:     Waiting for application startup.
INFO:     Application startup complete.
WARNING:  StatReload detected changes in 'tasks/repository.py'. Reloading...
INFO:     Shutting down
INFO:     Waiting for application shutdown.
INFO:     Application shutdown complete.
INFO:     Finished server process [128778]
INFO:     Started server process [128799]
INFO:     Waiting for application startup.
INFO:     Application startup complete.
WARNING:  StatReload detected changes in 'tasks/repository.py'. Reloading...
INFO:     Shutting down
INFO:     Waiting for application shutdown.
INFO:     Application shutdown complete.
INFO:     Finished server process [128799]
INFO:     Started server process [128813]
INFO:     Waiting for application startup.
INFO:     Application startup complete.
WARNING:  StatReload detected changes in 'tasks/repository.py'. Reloading...
INFO:     Shutting down
INFO:     Waiting for application shutdown.
INFO:     Application shutdown complete.
INFO:     Finished server process [128813]
INFO:     Started server process [128837]
INFO:     Waiting for application startup.
INFO:     Application startup complete.
WARNING:  StatReload detected changes in 'tasks/repository.py'. Reloading...
INFO:     Shutting down
INFO:     Waiting for application shutdown.
INFO:     Application shutdown complete.
INFO:     Finished server process [128837]
INFO:     Started server process [129198]
INFO:     Waiting for application startup.
INFO:     Application startup complete.
WARNING:  StatReload detected changes in 'tasks/repository.py'. Reloading...
INFO:     Shutting down
INFO:     Waiting for application shutdown.
INFO:     Application shutdown complete.
INFO:     Finished server process [129198]
INFO:     Started server process [129217]
INFO:     Waiting for application startup.
INFO:     Application startup complete.
WARNING:  StatReload detected changes in 'tasks/routes.py'. Reloading...
INFO:     Shutting down
INFO:     Waiting for application shutdown.
INFO:     Application shutdown complete.
INFO:     Finished server process [129217]
INFO:     Started server process [129254]
INFO:     Waiting for application startup.
INFO:     Application startup complete.
WARNING:  StatReload detected changes in 'tasks/routes.py'. Reloading...
INFO:     Shutting down
INFO:     Waiting for application shutdown.
INFO:     Application shutdown complete.
INFO:     Finished server process [129254]
Traceback (most recent call last):
  File "<string>", line 1, in <module>
    from multiprocessing.spawn import spawn_main; spawn_main(tracker_fd=5, pipe_handle=7)
                                                  ~~~~~~~~~~^^^^^^^^^^^^^^^^^^^^^^^^^^^^^
  File "/usr/lib/python3.13/multiprocessing/spawn.py", line 122, in spawn_main
    exitcode = _main(fd, parent_sentinel)
  File "/usr/lib/python3.13/multiprocessing/spawn.py", line 131, in _main
    prepare(preparation_data)
    ~~~~~~~^^^^^^^^^^^^^^^^^^
  File "/usr/lib/python3.13/multiprocessing/spawn.py", line 246, in prepare
    _fixup_main_from_path(data['init_main_from_path'])
    ~~~~~~~~~~~~~~~~~~~~~^^^^^^^^^^^^^^^^^^^^^^^^^^^^^
  File "/usr/lib/python3.13/multiprocessing/spawn.py", line 297, in _fixup_main_from_path
    main_content = runpy.run_path(main_path,
                                  run_name="__mp_main__")
  File "<frozen runpy>", line 287, in run_path
  File "<frozen runpy>", line 98, in _run_module_code
  File "<frozen runpy>", line 88, in _run_code
  File "/home/avinash/Desktop/workspace/personal/todo-webapp-with-timer/backend/app.py", line 8, in <module>
    from tasks.routes import tasks_router
  File "/home/avinash/Desktop/workspace/personal/todo-webapp-with-timer/backend/tasks/routes.py", line 21
    data = RepositoryTasks.
                           ^
SyntaxError: invalid syntax
WARNING:  StatReload detected changes in 'tasks/routes.py'. Reloading...
INFO:     Started server process [129275]
INFO:     Waiting for application startup.
INFO:     Application startup complete.
WARNING:  StatReload detected changes in 'tasks/routes.py'. Reloading...
INFO:     Shutting down
INFO:     Waiting for application shutdown.
INFO:     Application shutdown complete.
INFO:     Finished server process [129275]
INFO:     Started server process [129298]
INFO:     Waiting for application startup.
INFO:     Application startup complete.
WARNING:  StatReload detected changes in 'dtos/output.py'. Reloading...
INFO:     Shutting down
INFO:     Waiting for application shutdown.
INFO:     Application shutdown complete.
INFO:     Finished server process [129298]
INFO:     Started server process [129386]
INFO:     Waiting for application startup.
INFO:     Application startup complete.
WARNING:  StatReload detected changes in 'dtos/output.py'. Reloading...
INFO:     Shutting down
INFO:     Waiting for application shutdown.
INFO:     Application shutdown complete.
INFO:     Finished server process [129386]
INFO:     Started server process [129401]
INFO:     Waiting for application startup.
INFO:     Application startup complete.
WARNING:  StatReload detected changes in 'dtos/output.py'. Reloading...
INFO:     Shutting down
INFO:     Waiting for application shutdown.
INFO:     Application shutdown complete.
INFO:     Finished server process [129401]
INFO:     Started server process [129421]
INFO:     Waiting for application startup.
INFO:     Application startup complete.
WARNING:  StatReload detected changes in 'dtos/output.py'. Reloading...
INFO:     Shutting down
INFO:     Waiting for application shutdown.
INFO:     Application shutdown complete.
INFO:     Finished server process [129421]
INFO:     Started server process [129436]
INFO:     Waiting for application startup.
INFO:     Application startup complete.
WARNING:  StatReload detected changes in 'tasks/routes.py'. Reloading...
INFO:     Shutting down
INFO:     Waiting for application shutdown.
INFO:     Application shutdown complete.
INFO:     Finished server process [129436]
Traceback (most recent call last):
  File "<string>", line 1, in <module>
    from multiprocessing.spawn import spawn_main; spawn_main(tracker_fd=5, pipe_handle=7)
                                                  ~~~~~~~~~~^^^^^^^^^^^^^^^^^^^^^^^^^^^^^
  File "/usr/lib/python3.13/multiprocessing/spawn.py", line 122, in spawn_main
    exitcode = _main(fd, parent_sentinel)
  File "/usr/lib/python3.13/multiprocessing/spawn.py", line 131, in _main
    prepare(preparation_data)
    ~~~~~~~^^^^^^^^^^^^^^^^^^
  File "/usr/lib/python3.13/multiprocessing/spawn.py", line 246, in prepare
    _fixup_main_from_path(data['init_main_from_path'])
    ~~~~~~~~~~~~~~~~~~~~~^^^^^^^^^^^^^^^^^^^^^^^^^^^^^
  File "/usr/lib/python3.13/multiprocessing/spawn.py", line 297, in _fixup_main_from_path
    main_content = runpy.run_path(main_path,
                                  run_name="__mp_main__")
  File "<frozen runpy>", line 287, in run_path
  File "<frozen runpy>", line 98, in _run_module_code
  File "<frozen runpy>", line 88, in _run_code
  File "/home/avinash/Desktop/workspace/personal/todo-webapp-with-timer/backend/app.py", line 8, in <module>
    from tasks.routes import tasks_router
  File "/home/avinash/Desktop/workspace/personal/todo-webapp-with-timer/backend/tasks/routes.py", line 6
    from 
         ^
SyntaxError: invalid syntax
WARNING:  StatReload detected changes in 'tasks/routes.py'. Reloading...
INFO:     Started server process [129467]
INFO:     Waiting for application startup.
INFO:     Application startup complete.
WARNING:  StatReload detected changes in 'dtos/output.py'. Reloading...
INFO:     Shutting down
INFO:     Waiting for application shutdown.
INFO:     Application shutdown complete.
INFO:     Finished server process [129467]
Traceback (most recent call last):
  File "<string>", line 1, in <module>
    from multiprocessing.spawn import spawn_main; spawn_main(tracker_fd=5, pipe_handle=7)
                                                  ~~~~~~~~~~^^^^^^^^^^^^^^^^^^^^^^^^^^^^^
  File "/usr/lib/python3.13/multiprocessing/spawn.py", line 122, in spawn_main
    exitcode = _main(fd, parent_sentinel)
  File "/usr/lib/python3.13/multiprocessing/spawn.py", line 131, in _main
    prepare(preparation_data)
    ~~~~~~~^^^^^^^^^^^^^^^^^^
  File "/usr/lib/python3.13/multiprocessing/spawn.py", line 246, in prepare
    _fixup_main_from_path(data['init_main_from_path'])
    ~~~~~~~~~~~~~~~~~~~~~^^^^^^^^^^^^^^^^^^^^^^^^^^^^^
  File "/usr/lib/python3.13/multiprocessing/spawn.py", line 297, in _fixup_main_from_path
    main_content = runpy.run_path(main_path,
                                  run_name="__mp_main__")
  File "<frozen runpy>", line 287, in run_path
  File "<frozen runpy>", line 98, in _run_module_code
  File "<frozen runpy>", line 88, in _run_code
  File "/home/avinash/Desktop/workspace/personal/todo-webapp-with-timer/backend/app.py", line 8, in <module>
    from tasks.routes import tasks_router
  File "/home/avinash/Desktop/workspace/personal/todo-webapp-with-timer/backend/tasks/routes.py", line 6, in <module>
    from dtos.output import Output
ImportError: cannot import name 'Output' from 'dtos.output' (/home/avinash/Desktop/workspace/personal/todo-webapp-with-timer/backend/dtos/output.py). Did you mean: 'output'?
WARNING:  StatReload detected changes in 'tasks/routes.py'. Reloading...
INFO:     Started server process [129503]
INFO:     Waiting for application startup.
INFO:     Application startup complete.
WARNING:  StatReload detected changes in 'tasks/routes.py'. Reloading...
INFO:     Shutting down
INFO:     Waiting for application shutdown.
INFO:     Application shutdown complete.
INFO:     Finished server process [129503]
Traceback (most recent call last):
  File "<string>", line 1, in <module>
    from multiprocessing.spawn import spawn_main; spawn_main(tracker_fd=5, pipe_handle=7)
                                                  ~~~~~~~~~~^^^^^^^^^^^^^^^^^^^^^^^^^^^^^
  File "/usr/lib/python3.13/multiprocessing/spawn.py", line 122, in spawn_main
    exitcode = _main(fd, parent_sentinel)
  File "/usr/lib/python3.13/multiprocessing/spawn.py", line 131, in _main
    prepare(preparation_data)
    ~~~~~~~^^^^^^^^^^^^^^^^^^
  File "/usr/lib/python3.13/multiprocessing/spawn.py", line 246, in prepare
    _fixup_main_from_path(data['init_main_from_path'])
    ~~~~~~~~~~~~~~~~~~~~~^^^^^^^^^^^^^^^^^^^^^^^^^^^^^
  File "/usr/lib/python3.13/multiprocessing/spawn.py", line 297, in _fixup_main_from_path
    main_content = runpy.run_path(main_path,
                                  run_name="__mp_main__")
  File "<frozen runpy>", line 287, in run_path
  File "<frozen runpy>", line 98, in _run_module_code
  File "<frozen runpy>", line 88, in _run_code
  File "/home/avinash/Desktop/workspace/personal/todo-webapp-with-timer/backend/app.py", line 8, in <module>
    from tasks.routes import tasks_router
  File "/home/avinash/Desktop/workspace/personal/todo-webapp-with-timer/backend/tasks/routes.py", line 13
    return DefaultOutput{"message ": f"Tasks fetched successfully", "data": data}
                        ^
SyntaxError: invalid syntax
WARNING:  StatReload detected changes in 'tasks/routes.py'. Reloading...
Traceback (most recent call last):
  File "<string>", line 1, in <module>
    from multiprocessing.spawn import spawn_main; spawn_main(tracker_fd=5, pipe_handle=7)
                                                  ~~~~~~~~~~^^^^^^^^^^^^^^^^^^^^^^^^^^^^^
  File "/usr/lib/python3.13/multiprocessing/spawn.py", line 122, in spawn_main
    exitcode = _main(fd, parent_sentinel)
  File "/usr/lib/python3.13/multiprocessing/spawn.py", line 131, in _main
    prepare(preparation_data)
    ~~~~~~~^^^^^^^^^^^^^^^^^^
  File "/usr/lib/python3.13/multiprocessing/spawn.py", line 246, in prepare
    _fixup_main_from_path(data['init_main_from_path'])
    ~~~~~~~~~~~~~~~~~~~~~^^^^^^^^^^^^^^^^^^^^^^^^^^^^^
  File "/usr/lib/python3.13/multiprocessing/spawn.py", line 297, in _fixup_main_from_path
    main_content = runpy.run_path(main_path,
                                  run_name="__mp_main__")
  File "<frozen runpy>", line 287, in run_path
  File "<frozen runpy>", line 98, in _run_module_code
  File "<frozen runpy>", line 88, in _run_code
  File "/home/avinash/Desktop/workspace/personal/todo-webapp-with-timer/backend/app.py", line 8, in <module>
    from tasks.routes import tasks_router
  File "/home/avinash/Desktop/workspace/personal/todo-webapp-with-timer/backend/tasks/routes.py", line 13
    return DefaultOutput(message=){"message ": f"Tasks fetched successfully", "data": data}
                         ^^^^^^^^
SyntaxError: expected argument value expression
WARNING:  StatReload detected changes in 'tasks/routes.py'. Reloading...
Traceback (most recent call last):
  File "<string>", line 1, in <module>
    from multiprocessing.spawn import spawn_main; spawn_main(tracker_fd=5, pipe_handle=7)
                                                  ~~~~~~~~~~^^^^^^^^^^^^^^^^^^^^^^^^^^^^^
  File "/usr/lib/python3.13/multiprocessing/spawn.py", line 122, in spawn_main
    exitcode = _main(fd, parent_sentinel)
  File "/usr/lib/python3.13/multiprocessing/spawn.py", line 131, in _main
    prepare(preparation_data)
    ~~~~~~~^^^^^^^^^^^^^^^^^^
  File "/usr/lib/python3.13/multiprocessing/spawn.py", line 246, in prepare
    _fixup_main_from_path(data['init_main_from_path'])
    ~~~~~~~~~~~~~~~~~~~~~^^^^^^^^^^^^^^^^^^^^^^^^^^^^^
  File "/usr/lib/python3.13/multiprocessing/spawn.py", line 297, in _fixup_main_from_path
    main_content = runpy.run_path(main_path,
                                  run_name="__mp_main__")
  File "<frozen runpy>", line 287, in run_path
  File "<frozen runpy>", line 98, in _run_module_code
  File "<frozen runpy>", line 88, in _run_code
  File "/home/avinash/Desktop/workspace/personal/todo-webapp-with-timer/backend/app.py", line 8, in <module>
    from tasks.routes import tasks_router
  File "/home/avinash/Desktop/workspace/personal/todo-webapp-with-timer/backend/tasks/routes.py", line 13
    return DefaultOutput(message=f"Tasks fetched successfully", data=data){"message ": f"Tasks fetched successfully", "data": data}
                                                                          ^
SyntaxError: invalid syntax
WARNING:  StatReload detected changes in 'tasks/routes.py'. Reloading...
INFO:     Started server process [129541]
INFO:     Waiting for application startup.
INFO:     Application startup complete.
WARNING:  StatReload detected changes in 'tasks/routes.py'. Reloading...
INFO:     Shutting down
INFO:     Waiting for application shutdown.
INFO:     Application shutdown complete.
INFO:     Finished server process [129541]
INFO:     Started server process [129566]
INFO:     Waiting for application startup.
INFO:     Application startup complete.
WARNING:  StatReload detected changes in 'tasks/routes.py'. Reloading...
INFO:     Shutting down
INFO:     Waiting for application shutdown.
INFO:     Application shutdown complete.
INFO:     Finished server process [129566]
INFO:     Started server process [129584]
INFO:     Waiting for application startup.
INFO:     Application startup complete.
WARNING:  StatReload detected changes in 'tasks/routes.py'. Reloading...
INFO:     Shutting down
INFO:     Waiting for application shutdown.
INFO:     Application shutdown complete.
INFO:     Finished server process [129584]
Traceback (most recent call last):
  File "<string>", line 1, in <module>
    from multiprocessing.spawn import spawn_main; spawn_main(tracker_fd=5, pipe_handle=7)
                                                  ~~~~~~~~~~^^^^^^^^^^^^^^^^^^^^^^^^^^^^^
  File "/usr/lib/python3.13/multiprocessing/spawn.py", line 122, in spawn_main
    exitcode = _main(fd, parent_sentinel)
  File "/usr/lib/python3.13/multiprocessing/spawn.py", line 131, in _main
    prepare(preparation_data)
    ~~~~~~~^^^^^^^^^^^^^^^^^^
  File "/usr/lib/python3.13/multiprocessing/spawn.py", line 246, in prepare
    _fixup_main_from_path(data['init_main_from_path'])
    ~~~~~~~~~~~~~~~~~~~~~^^^^^^^^^^^^^^^^^^^^^^^^^^^^^
  File "/usr/lib/python3.13/multiprocessing/spawn.py", line 297, in _fixup_main_from_path
    main_content = runpy.run_path(main_path,
                                  run_name="__mp_main__")
  File "<frozen runpy>", line 287, in run_path
  File "<frozen runpy>", line 98, in _run_module_code
  File "<frozen runpy>", line 88, in _run_code
  File "/home/avinash/Desktop/workspace/personal/todo-webapp-with-timer/backend/app.py", line 8, in <module>
    from tasks.routes import tasks_router
  File "/home/avinash/Desktop/workspace/personal/todo-webapp-with-timer/backend/tasks/routes.py", line 17
    data = 
           ^
SyntaxError: invalid syntax
WARNING:  StatReload detected changes in 'tasks/repository.py'. Reloading...
Traceback (most recent call last):
  File "<string>", line 1, in <module>
    from multiprocessing.spawn import spawn_main; spawn_main(tracker_fd=5, pipe_handle=7)
                                                  ~~~~~~~~~~^^^^^^^^^^^^^^^^^^^^^^^^^^^^^
  File "/usr/lib/python3.13/multiprocessing/spawn.py", line 122, in spawn_main
    exitcode = _main(fd, parent_sentinel)
  File "/usr/lib/python3.13/multiprocessing/spawn.py", line 131, in _main
    prepare(preparation_data)
    ~~~~~~~^^^^^^^^^^^^^^^^^^
  File "/usr/lib/python3.13/multiprocessing/spawn.py", line 246, in prepare
    _fixup_main_from_path(data['init_main_from_path'])
    ~~~~~~~~~~~~~~~~~~~~~^^^^^^^^^^^^^^^^^^^^^^^^^^^^^
  File "/usr/lib/python3.13/multiprocessing/spawn.py", line 297, in _fixup_main_from_path
    main_content = runpy.run_path(main_path,
                                  run_name="__mp_main__")
  File "<frozen runpy>", line 287, in run_path
  File "<frozen runpy>", line 98, in _run_module_code
  File "<frozen runpy>", line 88, in _run_code
  File "/home/avinash/Desktop/workspace/personal/todo-webapp-with-timer/backend/app.py", line 8, in <module>
    from tasks.routes import tasks_router
  File "/home/avinash/Desktop/workspace/personal/todo-webapp-with-timer/backend/tasks/routes.py", line 17
    data = 
           ^
SyntaxError: invalid syntax
WARNING:  StatReload detected changes in 'tasks/repository.py'. Reloading...
Traceback (most recent call last):
  File "<string>", line 1, in <module>
    from multiprocessing.spawn import spawn_main; spawn_main(tracker_fd=5, pipe_handle=7)
                                                  ~~~~~~~~~~^^^^^^^^^^^^^^^^^^^^^^^^^^^^^
  File "/usr/lib/python3.13/multiprocessing/spawn.py", line 122, in spawn_main
    exitcode = _main(fd, parent_sentinel)
  File "/usr/lib/python3.13/multiprocessing/spawn.py", line 131, in _main
    prepare(preparation_data)
    ~~~~~~~^^^^^^^^^^^^^^^^^^
  File "/usr/lib/python3.13/multiprocessing/spawn.py", line 246, in prepare
    _fixup_main_from_path(data['init_main_from_path'])
    ~~~~~~~~~~~~~~~~~~~~~^^^^^^^^^^^^^^^^^^^^^^^^^^^^^
  File "/usr/lib/python3.13/multiprocessing/spawn.py", line 297, in _fixup_main_from_path
    main_content = runpy.run_path(main_path,
                                  run_name="__mp_main__")
  File "<frozen runpy>", line 287, in run_path
  File "<frozen runpy>", line 98, in _run_module_code
  File "<frozen runpy>", line 88, in _run_code
  File "/home/avinash/Desktop/workspace/personal/todo-webapp-with-timer/backend/app.py", line 8, in <module>
    from tasks.routes import tasks_router
  File "/home/avinash/Desktop/workspace/personal/todo-webapp-with-timer/backend/tasks/routes.py", line 17
    data = 
           ^
SyntaxError: invalid syntax
WARNING:  StatReload detected changes in 'tasks/repository.py'. Reloading...
Traceback (most recent call last):
  File "<string>", line 1, in <module>
    from multiprocessing.spawn import spawn_main; spawn_main(tracker_fd=5, pipe_handle=7)
                                                  ~~~~~~~~~~^^^^^^^^^^^^^^^^^^^^^^^^^^^^^
  File "/usr/lib/python3.13/multiprocessing/spawn.py", line 122, in spawn_main
    exitcode = _main(fd, parent_sentinel)
  File "/usr/lib/python3.13/multiprocessing/spawn.py", line 131, in _main
    prepare(preparation_data)
    ~~~~~~~^^^^^^^^^^^^^^^^^^
  File "/usr/lib/python3.13/multiprocessing/spawn.py", line 246, in prepare
    _fixup_main_from_path(data['init_main_from_path'])
    ~~~~~~~~~~~~~~~~~~~~~^^^^^^^^^^^^^^^^^^^^^^^^^^^^^
  File "/usr/lib/python3.13/multiprocessing/spawn.py", line 297, in _fixup_main_from_path
    main_content = runpy.run_path(main_path,
                                  run_name="__mp_main__")
  File "<frozen runpy>", line 287, in run_path
  File "<frozen runpy>", line 98, in _run_module_code
  File "<frozen runpy>", line 88, in _run_code
  File "/home/avinash/Desktop/workspace/personal/todo-webapp-with-timer/backend/app.py", line 8, in <module>
    from tasks.routes import tasks_router
  File "/home/avinash/Desktop/workspace/personal/todo-webapp-with-timer/backend/tasks/routes.py", line 17
    data = 
           ^
SyntaxError: invalid syntax
WARNING:  StatReload detected changes in 'tasks/repository.py'. Reloading...
Traceback (most recent call last):
  File "<string>", line 1, in <module>
    from multiprocessing.spawn import spawn_main; spawn_main(tracker_fd=5, pipe_handle=7)
                                                  ~~~~~~~~~~^^^^^^^^^^^^^^^^^^^^^^^^^^^^^
  File "/usr/lib/python3.13/multiprocessing/spawn.py", line 122, in spawn_main
    exitcode = _main(fd, parent_sentinel)
  File "/usr/lib/python3.13/multiprocessing/spawn.py", line 131, in _main
    prepare(preparation_data)
    ~~~~~~~^^^^^^^^^^^^^^^^^^
  File "/usr/lib/python3.13/multiprocessing/spawn.py", line 246, in prepare
    _fixup_main_from_path(data['init_main_from_path'])
    ~~~~~~~~~~~~~~~~~~~~~^^^^^^^^^^^^^^^^^^^^^^^^^^^^^
  File "/usr/lib/python3.13/multiprocessing/spawn.py", line 297, in _fixup_main_from_path
    main_content = runpy.run_path(main_path,
                                  run_name="__mp_main__")
  File "<frozen runpy>", line 287, in run_path
  File "<frozen runpy>", line 98, in _run_module_code
  File "<frozen runpy>", line 88, in _run_code
  File "/home/avinash/Desktop/workspace/personal/todo-webapp-with-timer/backend/app.py", line 8, in <module>
    from tasks.routes import tasks_router
  File "/home/avinash/Desktop/workspace/personal/todo-webapp-with-timer/backend/tasks/routes.py", line 17
    data = 
           ^
SyntaxError: invalid syntax
WARNING:  StatReload detected changes in 'tasks/repository.py'. Reloading...
Traceback (most recent call last):
  File "<string>", line 1, in <module>
    from multiprocessing.spawn import spawn_main; spawn_main(tracker_fd=5, pipe_handle=7)
                                                  ~~~~~~~~~~^^^^^^^^^^^^^^^^^^^^^^^^^^^^^
  File "/usr/lib/python3.13/multiprocessing/spawn.py", line 122, in spawn_main
    exitcode = _main(fd, parent_sentinel)
  File "/usr/lib/python3.13/multiprocessing/spawn.py", line 131, in _main
    prepare(preparation_data)
    ~~~~~~~^^^^^^^^^^^^^^^^^^
  File "/usr/lib/python3.13/multiprocessing/spawn.py", line 246, in prepare
    _fixup_main_from_path(data['init_main_from_path'])
    ~~~~~~~~~~~~~~~~~~~~~^^^^^^^^^^^^^^^^^^^^^^^^^^^^^
  File "/usr/lib/python3.13/multiprocessing/spawn.py", line 297, in _fixup_main_from_path
    main_content = runpy.run_path(main_path,
                                  run_name="__mp_main__")
  File "<frozen runpy>", line 287, in run_path
  File "<frozen runpy>", line 98, in _run_module_code
  File "<frozen runpy>", line 88, in _run_code
  File "/home/avinash/Desktop/workspace/personal/todo-webapp-with-timer/backend/app.py", line 8, in <module>
    from tasks.routes import tasks_router
  File "/home/avinash/Desktop/workspace/personal/todo-webapp-with-timer/backend/tasks/routes.py", line 17
    data = 
           ^
SyntaxError: invalid syntax
WARNING:  StatReload detected changes in 'tasks/repository.py'. Reloading...
Traceback (most recent call last):
  File "<string>", line 1, in <module>
    from multiprocessing.spawn import spawn_main; spawn_main(tracker_fd=5, pipe_handle=7)
                                                  ~~~~~~~~~~^^^^^^^^^^^^^^^^^^^^^^^^^^^^^
  File "/usr/lib/python3.13/multiprocessing/spawn.py", line 122, in spawn_main
    exitcode = _main(fd, parent_sentinel)
  File "/usr/lib/python3.13/multiprocessing/spawn.py", line 131, in _main
    prepare(preparation_data)
    ~~~~~~~^^^^^^^^^^^^^^^^^^
  File "/usr/lib/python3.13/multiprocessing/spawn.py", line 246, in prepare
    _fixup_main_from_path(data['init_main_from_path'])
    ~~~~~~~~~~~~~~~~~~~~~^^^^^^^^^^^^^^^^^^^^^^^^^^^^^
  File "/usr/lib/python3.13/multiprocessing/spawn.py", line 297, in _fixup_main_from_path
    main_content = runpy.run_path(main_path,
                                  run_name="__mp_main__")
  File "<frozen runpy>", line 287, in run_path
  File "<frozen runpy>", line 98, in _run_module_code
  File "<frozen runpy>", line 88, in _run_code
  File "/home/avinash/Desktop/workspace/personal/todo-webapp-with-timer/backend/app.py", line 8, in <module>
    from tasks.routes import tasks_router
  File "/home/avinash/Desktop/workspace/personal/todo-webapp-with-timer/backend/tasks/routes.py", line 17
    data = 
           ^
SyntaxError: invalid syntax
WARNING:  StatReload detected changes in 'tasks/repository.py'. Reloading...
Traceback (most recent call last):
  File "<string>", line 1, in <module>
    from multiprocessing.spawn import spawn_main; spawn_main(tracker_fd=5, pipe_handle=7)
                                                  ~~~~~~~~~~^^^^^^^^^^^^^^^^^^^^^^^^^^^^^
  File "/usr/lib/python3.13/multiprocessing/spawn.py", line 122, in spawn_main
    exitcode = _main(fd, parent_sentinel)
  File "/usr/lib/python3.13/multiprocessing/spawn.py", line 131, in _main
    prepare(preparation_data)
    ~~~~~~~^^^^^^^^^^^^^^^^^^
  File "/usr/lib/python3.13/multiprocessing/spawn.py", line 246, in prepare
    _fixup_main_from_path(data['init_main_from_path'])
    ~~~~~~~~~~~~~~~~~~~~~^^^^^^^^^^^^^^^^^^^^^^^^^^^^^
  File "/usr/lib/python3.13/multiprocessing/spawn.py", line 297, in _fixup_main_from_path
    main_content = runpy.run_path(main_path,
                                  run_name="__mp_main__")
  File "<frozen runpy>", line 287, in run_path
  File "<frozen runpy>", line 98, in _run_module_code
  File "<frozen runpy>", line 88, in _run_code
  File "/home/avinash/Desktop/workspace/personal/todo-webapp-with-timer/backend/app.py", line 8, in <module>
    from tasks.routes import tasks_router
  File "/home/avinash/Desktop/workspace/personal/todo-webapp-with-timer/backend/tasks/routes.py", line 17
    data = 
           ^
SyntaxError: invalid syntax
WARNING:  StatReload detected changes in 'tasks/repository.py'. Reloading...
Traceback (most recent call last):
  File "<string>", line 1, in <module>
    from multiprocessing.spawn import spawn_main; spawn_main(tracker_fd=5, pipe_handle=7)
                                                  ~~~~~~~~~~^^^^^^^^^^^^^^^^^^^^^^^^^^^^^
  File "/usr/lib/python3.13/multiprocessing/spawn.py", line 122, in spawn_main
    exitcode = _main(fd, parent_sentinel)
  File "/usr/lib/python3.13/multiprocessing/spawn.py", line 131, in _main
    prepare(preparation_data)
    ~~~~~~~^^^^^^^^^^^^^^^^^^
  File "/usr/lib/python3.13/multiprocessing/spawn.py", line 246, in prepare
    _fixup_main_from_path(data['init_main_from_path'])
    ~~~~~~~~~~~~~~~~~~~~~^^^^^^^^^^^^^^^^^^^^^^^^^^^^^
  File "/usr/lib/python3.13/multiprocessing/spawn.py", line 297, in _fixup_main_from_path
    main_content = runpy.run_path(main_path,
                                  run_name="__mp_main__")
  File "<frozen runpy>", line 287, in run_path
  File "<frozen runpy>", line 98, in _run_module_code
  File "<frozen runpy>", line 88, in _run_code
  File "/home/avinash/Desktop/workspace/personal/todo-webapp-with-timer/backend/app.py", line 8, in <module>
    from tasks.routes import tasks_router
  File "/home/avinash/Desktop/workspace/personal/todo-webapp-with-timer/backend/tasks/routes.py", line 17
    data = 
           ^
SyntaxError: invalid syntax
WARNING:  StatReload detected changes in 'tasks/repository.py'. Reloading...
Traceback (most recent call last):
  File "<string>", line 1, in <module>
    from multiprocessing.spawn import spawn_main; spawn_main(tracker_fd=5, pipe_handle=7)
                                                  ~~~~~~~~~~^^^^^^^^^^^^^^^^^^^^^^^^^^^^^
  File "/usr/lib/python3.13/multiprocessing/spawn.py", line 122, in spawn_main
    exitcode = _main(fd, parent_sentinel)
  File "/usr/lib/python3.13/multiprocessing/spawn.py", line 131, in _main
    prepare(preparation_data)
    ~~~~~~~^^^^^^^^^^^^^^^^^^
  File "/usr/lib/python3.13/multiprocessing/spawn.py", line 246, in prepare
    _fixup_main_from_path(data['init_main_from_path'])
    ~~~~~~~~~~~~~~~~~~~~~^^^^^^^^^^^^^^^^^^^^^^^^^^^^^
  File "/usr/lib/python3.13/multiprocessing/spawn.py", line 297, in _fixup_main_from_path
    main_content = runpy.run_path(main_path,
                                  run_name="__mp_main__")
  File "<frozen runpy>", line 287, in run_path
  File "<frozen runpy>", line 98, in _run_module_code
  File "<frozen runpy>", line 88, in _run_code
  File "/home/avinash/Desktop/workspace/personal/todo-webapp-with-timer/backend/app.py", line 8, in <module>
    from tasks.routes import tasks_router
  File "/home/avinash/Desktop/workspace/personal/todo-webapp-with-timer/backend/tasks/routes.py", line 17
    data = 
           ^
SyntaxError: invalid syntax
WARNING:  StatReload detected changes in 'tasks/repository.py'. Reloading...
Traceback (most recent call last):
  File "<string>", line 1, in <module>
    from multiprocessing.spawn import spawn_main; spawn_main(tracker_fd=5, pipe_handle=7)
                                                  ~~~~~~~~~~^^^^^^^^^^^^^^^^^^^^^^^^^^^^^
  File "/usr/lib/python3.13/multiprocessing/spawn.py", line 122, in spawn_main
    exitcode = _main(fd, parent_sentinel)
  File "/usr/lib/python3.13/multiprocessing/spawn.py", line 131, in _main
    prepare(preparation_data)
    ~~~~~~~^^^^^^^^^^^^^^^^^^
  File "/usr/lib/python3.13/multiprocessing/spawn.py", line 246, in prepare
    _fixup_main_from_path(data['init_main_from_path'])
    ~~~~~~~~~~~~~~~~~~~~~^^^^^^^^^^^^^^^^^^^^^^^^^^^^^
  File "/usr/lib/python3.13/multiprocessing/spawn.py", line 297, in _fixup_main_from_path
    main_content = runpy.run_path(main_path,
                                  run_name="__mp_main__")
  File "<frozen runpy>", line 287, in run_path
  File "<frozen runpy>", line 98, in _run_module_code
  File "<frozen runpy>", line 88, in _run_code
  File "/home/avinash/Desktop/workspace/personal/todo-webapp-with-timer/backend/app.py", line 8, in <module>
    from tasks.routes import tasks_router
  File "/home/avinash/Desktop/workspace/personal/todo-webapp-with-timer/backend/tasks/routes.py", line 17
    data = 
           ^
SyntaxError: invalid syntax
WARNING:  StatReload detected changes in 'tasks/routes.py'. Reloading...
INFO:     Started server process [129796]
INFO:     Waiting for application startup.
INFO:     Application startup complete.
WARNING:  StatReload detected changes in 'tasks/routes.py'. Reloading...
INFO:     Shutting down
INFO:     Waiting for application shutdown.
INFO:     Application shutdown complete.
INFO:     Finished server process [129796]
INFO:     Started server process [129810]
INFO:     Waiting for application startup.
INFO:     Application startup complete.
WARNING:  StatReload detected changes in 'tasks/routes.py'. Reloading...
INFO:     Shutting down
INFO:     Waiting for application shutdown.
INFO:     Application shutdown complete.
INFO:     Finished server process [129810]
INFO:     Started server process [129825]
INFO:     Waiting for application startup.
INFO:     Application startup complete.
WARNING:  StatReload detected changes in 'tasks/routes.py'. Reloading...
INFO:     Shutting down
INFO:     Waiting for application shutdown.
INFO:     Application shutdown complete.
INFO:     Finished server process [129825]
INFO:     Started server process [129851]
INFO:     Waiting for application startup.
INFO:     Application startup complete.
WARNING:  StatReload detected changes in 'tasks/routes.py'. Reloading...
INFO:     Shutting down
INFO:     Waiting for application shutdown.
INFO:     Application shutdown complete.
INFO:     Finished server process [129851]
INFO:     Started server process [130072]
INFO:     Waiting for application startup.
INFO:     Application startup complete.
WARNING:  StatReload detected changes in 'tasks/routes.py'. Reloading...
INFO:     Shutting down
INFO:     Waiting for application shutdown.
INFO:     Application shutdown complete.
INFO:     Finished server process [130072]
INFO:     Started server process [130088]
INFO:     Waiting for application startup.
INFO:     Application startup complete.
WARNING:  StatReload detected changes in 'tasks/routes.py'. Reloading...
INFO:     Shutting down
INFO:     Waiting for application shutdown.
INFO:     Application shutdown complete.
INFO:     Finished server process [130088]
INFO:     Started server process [130106]
INFO:     Waiting for application startup.
INFO:     Application startup complete.
WARNING:  StatReload detected changes in 'tasks/routes.py'. Reloading...
INFO:     Shutting down
INFO:     Waiting for application shutdown.
INFO:     Application shutdown complete.
INFO:     Finished server process [130106]
INFO:     Started server process [130128]
INFO:     Waiting for application startup.
INFO:     Application startup complete.
WARNING:  StatReload detected changes in 'tasks/routes.py'. Reloading...
INFO:     Shutting down
INFO:     Waiting for application shutdown.
INFO:     Application shutdown complete.
INFO:     Finished server process [130128]
INFO:     Started server process [130143]
INFO:     Waiting for application startup.
INFO:     Application startup complete.
WARNING:  StatReload detected changes in 'tasks/routes.py'. Reloading...
INFO:     Shutting down
INFO:     Waiting for application shutdown.
INFO:     Application shutdown complete.
INFO:     Finished server process [130143]
INFO:     Started server process [130168]
INFO:     Waiting for application startup.
INFO:     Application startup complete.
WARNING:  StatReload detected changes in 'tasks/routes.py'. Reloading...
INFO:     Shutting down
INFO:     Waiting for application shutdown.
INFO:     Application shutdown complete.
INFO:     Finished server process [130168]
INFO:     Started server process [130185]
INFO:     Waiting for application startup.
INFO:     Application startup complete.
WARNING:  StatReload detected changes in 'tasks/repository.py'. Reloading...
INFO:     Shutting down
INFO:     Waiting for application shutdown.
INFO:     Application shutdown complete.
INFO:     Finished server process [130185]
INFO:     Started server process [130207]
INFO:     Waiting for application startup.
INFO:     Application startup complete.
WARNING:  StatReload detected changes in 'tasks/repository.py'. Reloading...
INFO:     Shutting down
INFO:     Waiting for application shutdown.
INFO:     Application shutdown complete.
INFO:     Finished server process [130207]
INFO:     Started server process [130227]
INFO:     Waiting for application startup.
INFO:     Application startup complete.
WARNING:  StatReload detected changes in 'tasks/repository.py'. Reloading...
INFO:     Shutting down
INFO:     Waiting for application shutdown.
INFO:     Application shutdown complete.
INFO:     Finished server process [130227]
INFO:     Started server process [130244]
INFO:     Waiting for application startup.
INFO:     Application startup complete.
WARNING:  StatReload detected changes in 'tasks/routes.py'. Reloading...
INFO:     Shutting down
INFO:     Waiting for application shutdown.
INFO:     Application shutdown complete.
INFO:     Finished server process [130244]
INFO:     Started server process [130266]
INFO:     Waiting for application startup.
INFO:     Application startup complete.
WARNING:  StatReload detected changes in 'tasks/routes.py'. Reloading...
INFO:     Shutting down
INFO:     Waiting for application shutdown.
INFO:     Application shutdown complete.
INFO:     Finished server process [130266]
INFO:     Started server process [130282]
INFO:     Waiting for application startup.
INFO:     Application startup complete.
WARNING:  StatReload detected changes in 'tasks/routes.py'. Reloading...
INFO:     Shutting down
INFO:     Waiting for application shutdown.
INFO:     Application shutdown complete.
INFO:     Finished server process [130282]
INFO:     Started server process [130306]
INFO:     Waiting for application startup.
INFO:     Application startup complete.
WARNING:  StatReload detected changes in 'tasks/routes.py'. Reloading...
INFO:     Shutting down
INFO:     Waiting for application shutdown.
INFO:     Application shutdown complete.
INFO:     Finished server process [130306]
INFO:     Started server process [130326]
INFO:     Waiting for application startup.
INFO:     Application startup complete.
WARNING:  StatReload detected changes in 'tasks/routes.py'. Reloading...
INFO:     Shutting down
INFO:     Waiting for application shutdown.
INFO:     Application shutdown complete.
INFO:     Finished server process [130326]
INFO:     Started server process [130345]
INFO:     Waiting for application startup.
INFO:     Application startup complete.
[2025-06-29 07:43:24] INFO - Request: GET /tasks - Body: None
INFO:     127.0.0.1:47456 - "GET /tasks HTTP/1.1" 500 Internal Server Error
ERROR:    Exception in ASGI application
  + Exception Group Traceback (most recent call last):
  |   File "/home/avinash/.local/share/virtualenvs/backend-xmz3RLxt/lib/python3.13/site-packages/starlette/_utils.py", line 76, in collapse_excgroups
  |     yield
  |   File "/home/avinash/.local/share/virtualenvs/backend-xmz3RLxt/lib/python3.13/site-packages/starlette/middleware/base.py", line 177, in __call__
  |     async with anyio.create_task_group() as task_group:
  |                ~~~~~~~~~~~~~~~~~~~~~~~^^
  |   File "/home/avinash/.local/share/virtualenvs/backend-xmz3RLxt/lib/python3.13/site-packages/anyio/_backends/_asyncio.py", line 772, in __aexit__
  |     raise BaseExceptionGroup(
  |         "unhandled errors in a TaskGroup", self._exceptions
  |     ) from None
  | ExceptionGroup: unhandled errors in a TaskGroup (1 sub-exception)
  +-+---------------- 1 ----------------
    | Traceback (most recent call last):
    |   File "/home/avinash/.local/share/virtualenvs/backend-xmz3RLxt/lib/python3.13/site-packages/uvicorn/protocols/http/h11_impl.py", line 403, in run_asgi
    |     result = await app(  # type: ignore[func-returns-value]
    |              ^^^^^^^^^^^^^^^^^^^^^^^^^^^^^^^^^^^^^^^^^^^^^^
    |         self.scope, self.receive, self.send
    |         ^^^^^^^^^^^^^^^^^^^^^^^^^^^^^^^^^^^
    |     )
    |     ^
    |   File "/home/avinash/.local/share/virtualenvs/backend-xmz3RLxt/lib/python3.13/site-packages/uvicorn/middleware/proxy_headers.py", line 60, in __call__
    |     return await self.app(scope, receive, send)
    |            ^^^^^^^^^^^^^^^^^^^^^^^^^^^^^^^^^^^^
    |   File "/home/avinash/.local/share/virtualenvs/backend-xmz3RLxt/lib/python3.13/site-packages/fastapi/applications.py", line 1054, in __call__
    |     await super().__call__(scope, receive, send)
    |   File "/home/avinash/.local/share/virtualenvs/backend-xmz3RLxt/lib/python3.13/site-packages/starlette/applications.py", line 112, in __call__
    |     await self.middleware_stack(scope, receive, send)
    |   File "/home/avinash/.local/share/virtualenvs/backend-xmz3RLxt/lib/python3.13/site-packages/starlette/middleware/errors.py", line 187, in __call__
    |     raise exc
    |   File "/home/avinash/.local/share/virtualenvs/backend-xmz3RLxt/lib/python3.13/site-packages/starlette/middleware/errors.py", line 165, in __call__
    |     await self.app(scope, receive, _send)
    |   File "/home/avinash/.local/share/virtualenvs/backend-xmz3RLxt/lib/python3.13/site-packages/starlette/middleware/base.py", line 176, in __call__
    |     with recv_stream, send_stream, collapse_excgroups():
    |                                    ~~~~~~~~~~~~~~~~~~^^
    |   File "/usr/lib/python3.13/contextlib.py", line 162, in __exit__
    |     self.gen.throw(value)
    |     ~~~~~~~~~~~~~~^^^^^^^
    |   File "/home/avinash/.local/share/virtualenvs/backend-xmz3RLxt/lib/python3.13/site-packages/starlette/_utils.py", line 82, in collapse_excgroups
    |     raise exc
    |   File "/home/avinash/.local/share/virtualenvs/backend-xmz3RLxt/lib/python3.13/site-packages/starlette/middleware/base.py", line 178, in __call__
    |     response = await self.dispatch_func(request, call_next)
    |                ^^^^^^^^^^^^^^^^^^^^^^^^^^^^^^^^^^^^^^^^^^^^
    |   File "/home/avinash/Desktop/workspace/personal/todo-webapp-with-timer/backend/utility/middlewares.py", line 19, in dispatch
    |     response: Response = await call_next(request)
    |                          ^^^^^^^^^^^^^^^^^^^^^^^^
    |   File "/home/avinash/.local/share/virtualenvs/backend-xmz3RLxt/lib/python3.13/site-packages/starlette/middleware/base.py", line 156, in call_next
    |     raise app_exc
    |   File "/home/avinash/.local/share/virtualenvs/backend-xmz3RLxt/lib/python3.13/site-packages/starlette/middleware/base.py", line 141, in coro
    |     await self.app(scope, receive_or_disconnect, send_no_error)
    |   File "/home/avinash/.local/share/virtualenvs/backend-xmz3RLxt/lib/python3.13/site-packages/starlette/middleware/exceptions.py", line 62, in __call__
    |     await wrap_app_handling_exceptions(self.app, conn)(scope, receive, send)
    |   File "/home/avinash/.local/share/virtualenvs/backend-xmz3RLxt/lib/python3.13/site-packages/starlette/_exception_handler.py", line 53, in wrapped_app
    |     raise exc
    |   File "/home/avinash/.local/share/virtualenvs/backend-xmz3RLxt/lib/python3.13/site-packages/starlette/_exception_handler.py", line 42, in wrapped_app
    |     await app(scope, receive, sender)
    |   File "/home/avinash/.local/share/virtualenvs/backend-xmz3RLxt/lib/python3.13/site-packages/starlette/routing.py", line 714, in __call__
    |     await self.middleware_stack(scope, receive, send)
    |   File "/home/avinash/.local/share/virtualenvs/backend-xmz3RLxt/lib/python3.13/site-packages/starlette/routing.py", line 734, in app
    |     await route.handle(scope, receive, send)
    |   File "/home/avinash/.local/share/virtualenvs/backend-xmz3RLxt/lib/python3.13/site-packages/starlette/routing.py", line 288, in handle
    |     await self.app(scope, receive, send)
    |   File "/home/avinash/.local/share/virtualenvs/backend-xmz3RLxt/lib/python3.13/site-packages/starlette/routing.py", line 76, in app
    |     await wrap_app_handling_exceptions(app, request)(scope, receive, send)
    |   File "/home/avinash/.local/share/virtualenvs/backend-xmz3RLxt/lib/python3.13/site-packages/starlette/_exception_handler.py", line 53, in wrapped_app
    |     raise exc
    |   File "/home/avinash/.local/share/virtualenvs/backend-xmz3RLxt/lib/python3.13/site-packages/starlette/_exception_handler.py", line 42, in wrapped_app
    |     await app(scope, receive, sender)
    |   File "/home/avinash/.local/share/virtualenvs/backend-xmz3RLxt/lib/python3.13/site-packages/starlette/routing.py", line 73, in app
    |     response = await f(request)
    |                ^^^^^^^^^^^^^^^^
    |   File "/home/avinash/.local/share/virtualenvs/backend-xmz3RLxt/lib/python3.13/site-packages/fastapi/routing.py", line 327, in app
    |     content = await serialize_response(
    |               ^^^^^^^^^^^^^^^^^^^^^^^^^
    |     ...<9 lines>...
    |     )
    |     ^
    |   File "/home/avinash/.local/share/virtualenvs/backend-xmz3RLxt/lib/python3.13/site-packages/fastapi/routing.py", line 201, in serialize_response
    |     return jsonable_encoder(response_content)
    |   File "/home/avinash/.local/share/virtualenvs/backend-xmz3RLxt/lib/python3.13/site-packages/fastapi/encoders.py", line 223, in jsonable_encoder
    |     obj_dict = _model_dump(
    |         obj,
    |     ...<6 lines>...
    |         exclude_defaults=exclude_defaults,
    |     )
    |   File "/home/avinash/.local/share/virtualenvs/backend-xmz3RLxt/lib/python3.13/site-packages/fastapi/_compat.py", line 181, in _model_dump
    |     return model.model_dump(mode=mode, **kwargs)
    |            ~~~~~~~~~~~~~~~~^^^^^^^^^^^^^^^^^^^^^
    |   File "/home/avinash/.local/share/virtualenvs/backend-xmz3RLxt/lib/python3.13/site-packages/pydantic/main.py", line 463, in model_dump
    |     return self.__pydantic_serializer__.to_python(
    |            ~~~~~~~~~~~~~~~~~~~~~~~~~~~~~~~~~~~~~~^
    |         self,
    |         ^^^^^
    |     ...<11 lines>...
    |         serialize_as_any=serialize_as_any,
    |         ^^^^^^^^^^^^^^^^^^^^^^^^^^^^^^^^^^
    |     )
    |     ^
    | pydantic_core._pydantic_core.PydanticSerializationError: Unable to serialize unknown type: <class 'coroutine'>
    +------------------------------------

During handling of the above exception, another exception occurred:

Traceback (most recent call last):
  File "/home/avinash/.local/share/virtualenvs/backend-xmz3RLxt/lib/python3.13/site-packages/uvicorn/protocols/http/h11_impl.py", line 403, in run_asgi
    result = await app(  # type: ignore[func-returns-value]
             ^^^^^^^^^^^^^^^^^^^^^^^^^^^^^^^^^^^^^^^^^^^^^^
        self.scope, self.receive, self.send
        ^^^^^^^^^^^^^^^^^^^^^^^^^^^^^^^^^^^
    )
    ^
  File "/home/avinash/.local/share/virtualenvs/backend-xmz3RLxt/lib/python3.13/site-packages/uvicorn/middleware/proxy_headers.py", line 60, in __call__
    return await self.app(scope, receive, send)
           ^^^^^^^^^^^^^^^^^^^^^^^^^^^^^^^^^^^^
  File "/home/avinash/.local/share/virtualenvs/backend-xmz3RLxt/lib/python3.13/site-packages/fastapi/applications.py", line 1054, in __call__
    await super().__call__(scope, receive, send)
  File "/home/avinash/.local/share/virtualenvs/backend-xmz3RLxt/lib/python3.13/site-packages/starlette/applications.py", line 112, in __call__
    await self.middleware_stack(scope, receive, send)
  File "/home/avinash/.local/share/virtualenvs/backend-xmz3RLxt/lib/python3.13/site-packages/starlette/middleware/errors.py", line 187, in __call__
    raise exc
  File "/home/avinash/.local/share/virtualenvs/backend-xmz3RLxt/lib/python3.13/site-packages/starlette/middleware/errors.py", line 165, in __call__
    await self.app(scope, receive, _send)
  File "/home/avinash/.local/share/virtualenvs/backend-xmz3RLxt/lib/python3.13/site-packages/starlette/middleware/base.py", line 176, in __call__
    with recv_stream, send_stream, collapse_excgroups():
                                   ~~~~~~~~~~~~~~~~~~^^
  File "/usr/lib/python3.13/contextlib.py", line 162, in __exit__
    self.gen.throw(value)
    ~~~~~~~~~~~~~~^^^^^^^
  File "/home/avinash/.local/share/virtualenvs/backend-xmz3RLxt/lib/python3.13/site-packages/starlette/_utils.py", line 82, in collapse_excgroups
    raise exc
  File "/home/avinash/.local/share/virtualenvs/backend-xmz3RLxt/lib/python3.13/site-packages/starlette/middleware/base.py", line 178, in __call__
    response = await self.dispatch_func(request, call_next)
               ^^^^^^^^^^^^^^^^^^^^^^^^^^^^^^^^^^^^^^^^^^^^
  File "/home/avinash/Desktop/workspace/personal/todo-webapp-with-timer/backend/utility/middlewares.py", line 19, in dispatch
    response: Response = await call_next(request)
                         ^^^^^^^^^^^^^^^^^^^^^^^^
  File "/home/avinash/.local/share/virtualenvs/backend-xmz3RLxt/lib/python3.13/site-packages/starlette/middleware/base.py", line 156, in call_next
    raise app_exc
  File "/home/avinash/.local/share/virtualenvs/backend-xmz3RLxt/lib/python3.13/site-packages/starlette/middleware/base.py", line 141, in coro
    await self.app(scope, receive_or_disconnect, send_no_error)
  File "/home/avinash/.local/share/virtualenvs/backend-xmz3RLxt/lib/python3.13/site-packages/starlette/middleware/exceptions.py", line 62, in __call__
    await wrap_app_handling_exceptions(self.app, conn)(scope, receive, send)
  File "/home/avinash/.local/share/virtualenvs/backend-xmz3RLxt/lib/python3.13/site-packages/starlette/_exception_handler.py", line 53, in wrapped_app
    raise exc
  File "/home/avinash/.local/share/virtualenvs/backend-xmz3RLxt/lib/python3.13/site-packages/starlette/_exception_handler.py", line 42, in wrapped_app
    await app(scope, receive, sender)
  File "/home/avinash/.local/share/virtualenvs/backend-xmz3RLxt/lib/python3.13/site-packages/starlette/routing.py", line 714, in __call__
    await self.middleware_stack(scope, receive, send)
  File "/home/avinash/.local/share/virtualenvs/backend-xmz3RLxt/lib/python3.13/site-packages/starlette/routing.py", line 734, in app
    await route.handle(scope, receive, send)
  File "/home/avinash/.local/share/virtualenvs/backend-xmz3RLxt/lib/python3.13/site-packages/starlette/routing.py", line 288, in handle
    await self.app(scope, receive, send)
  File "/home/avinash/.local/share/virtualenvs/backend-xmz3RLxt/lib/python3.13/site-packages/starlette/routing.py", line 76, in app
    await wrap_app_handling_exceptions(app, request)(scope, receive, send)
  File "/home/avinash/.local/share/virtualenvs/backend-xmz3RLxt/lib/python3.13/site-packages/starlette/_exception_handler.py", line 53, in wrapped_app
    raise exc
  File "/home/avinash/.local/share/virtualenvs/backend-xmz3RLxt/lib/python3.13/site-packages/starlette/_exception_handler.py", line 42, in wrapped_app
    await app(scope, receive, sender)
  File "/home/avinash/.local/share/virtualenvs/backend-xmz3RLxt/lib/python3.13/site-packages/starlette/routing.py", line 73, in app
    response = await f(request)
               ^^^^^^^^^^^^^^^^
  File "/home/avinash/.local/share/virtualenvs/backend-xmz3RLxt/lib/python3.13/site-packages/fastapi/routing.py", line 327, in app
    content = await serialize_response(
              ^^^^^^^^^^^^^^^^^^^^^^^^^
    ...<9 lines>...
    )
    ^
  File "/home/avinash/.local/share/virtualenvs/backend-xmz3RLxt/lib/python3.13/site-packages/fastapi/routing.py", line 201, in serialize_response
    return jsonable_encoder(response_content)
  File "/home/avinash/.local/share/virtualenvs/backend-xmz3RLxt/lib/python3.13/site-packages/fastapi/encoders.py", line 223, in jsonable_encoder
    obj_dict = _model_dump(
        obj,
    ...<6 lines>...
        exclude_defaults=exclude_defaults,
    )
  File "/home/avinash/.local/share/virtualenvs/backend-xmz3RLxt/lib/python3.13/site-packages/fastapi/_compat.py", line 181, in _model_dump
    return model.model_dump(mode=mode, **kwargs)
           ~~~~~~~~~~~~~~~~^^^^^^^^^^^^^^^^^^^^^
  File "/home/avinash/.local/share/virtualenvs/backend-xmz3RLxt/lib/python3.13/site-packages/pydantic/main.py", line 463, in model_dump
    return self.__pydantic_serializer__.to_python(
           ~~~~~~~~~~~~~~~~~~~~~~~~~~~~~~~~~~~~~~^
        self,
        ^^^^^
    ...<11 lines>...
        serialize_as_any=serialize_as_any,
        ^^^^^^^^^^^^^^^^^^^^^^^^^^^^^^^^^^
    )
    ^
pydantic_core._pydantic_core.PydanticSerializationError: Unable to serialize unknown type: <class 'coroutine'>
WARNING:  StatReload detected changes in 'tasks/routes.py'. Reloading...
INFO:     Shutting down
INFO:     Waiting for application shutdown.
INFO:     Application shutdown complete.
INFO:     Finished server process [130345]
Traceback (most recent call last):
  File "<string>", line 1, in <module>
    from multiprocessing.spawn import spawn_main; spawn_main(tracker_fd=5, pipe_handle=7)
                                                  ~~~~~~~~~~^^^^^^^^^^^^^^^^^^^^^^^^^^^^^
  File "/usr/lib/python3.13/multiprocessing/spawn.py", line 122, in spawn_main
    exitcode = _main(fd, parent_sentinel)
  File "/usr/lib/python3.13/multiprocessing/spawn.py", line 131, in _main
    prepare(preparation_data)
    ~~~~~~~^^^^^^^^^^^^^^^^^^
  File "/usr/lib/python3.13/multiprocessing/spawn.py", line 246, in prepare
    _fixup_main_from_path(data['init_main_from_path'])
    ~~~~~~~~~~~~~~~~~~~~~^^^^^^^^^^^^^^^^^^^^^^^^^^^^^
  File "/usr/lib/python3.13/multiprocessing/spawn.py", line 297, in _fixup_main_from_path
    main_content = runpy.run_path(main_path,
                                  run_name="__mp_main__")
  File "<frozen runpy>", line 287, in run_path
  File "<frozen runpy>", line 98, in _run_module_code
  File "<frozen runpy>", line 88, in _run_code
  File "/home/avinash/Desktop/workspace/personal/todo-webapp-with-timer/backend/app.py", line 8, in <module>
    from tasks.routes import tasks_router
  File "/home/avinash/Desktop/workspace/personal/todo-webapp-with-timer/backend/tasks/routes.py", line 10, in <module>
    @tasks_router.get("", respo)
                          ^^^^^
NameError: name 'respo' is not defined. Did you mean: 'repr'?
WARNING:  StatReload detected changes in 'tasks/routes.py'. Reloading...
Traceback (most recent call last):
  File "<string>", line 1, in <module>
    from multiprocessing.spawn import spawn_main; spawn_main(tracker_fd=5, pipe_handle=7)
                                                  ~~~~~~~~~~^^^^^^^^^^^^^^^^^^^^^^^^^^^^^
  File "/usr/lib/python3.13/multiprocessing/spawn.py", line 122, in spawn_main
    exitcode = _main(fd, parent_sentinel)
  File "/usr/lib/python3.13/multiprocessing/spawn.py", line 131, in _main
    prepare(preparation_data)
    ~~~~~~~^^^^^^^^^^^^^^^^^^
  File "/usr/lib/python3.13/multiprocessing/spawn.py", line 246, in prepare
    _fixup_main_from_path(data['init_main_from_path'])
    ~~~~~~~~~~~~~~~~~~~~~^^^^^^^^^^^^^^^^^^^^^^^^^^^^^
  File "/usr/lib/python3.13/multiprocessing/spawn.py", line 297, in _fixup_main_from_path
    main_content = runpy.run_path(main_path,
                                  run_name="__mp_main__")
  File "<frozen runpy>", line 287, in run_path
  File "<frozen runpy>", line 98, in _run_module_code
  File "<frozen runpy>", line 88, in _run_code
  File "/home/avinash/Desktop/workspace/personal/todo-webapp-with-timer/backend/app.py", line 8, in <module>
    from tasks.routes import tasks_router
  File "/home/avinash/Desktop/workspace/personal/todo-webapp-with-timer/backend/tasks/routes.py", line 10
    @tasks_router.get("", response_model=)
                          ^^^^^^^^^^^^^^^
SyntaxError: expected argument value expression
WARNING:  StatReload detected changes in 'tasks/routes.py'. Reloading...
INFO:     Started server process [130872]
INFO:     Waiting for application startup.
INFO:     Application startup complete.
WARNING:  StatReload detected changes in 'tasks/routes.py'. Reloading...
INFO:     Shutting down
INFO:     Waiting for application shutdown.
INFO:     Application shutdown complete.
INFO:     Finished server process [130872]
INFO:     Started server process [130895]
INFO:     Waiting for application startup.
INFO:     Application startup complete.
WARNING:  StatReload detected changes in 'tasks/routes.py'. Reloading...
INFO:     Shutting down
INFO:     Waiting for application shutdown.
INFO:     Application shutdown complete.
INFO:     Finished server process [130895]
INFO:     Started server process [130914]
INFO:     Waiting for application startup.
INFO:     Application startup complete.
WARNING:  StatReload detected changes in 'tasks/routes.py'. Reloading...
INFO:     Shutting down
INFO:     Waiting for application shutdown.
INFO:     Application shutdown complete.
INFO:     Finished server process [130914]
INFO:     Started server process [130929]
INFO:     Waiting for application startup.
INFO:     Application startup complete.
[2025-06-29 07:43:53] INFO - Request: GET /tasks - Body: None
INFO:     127.0.0.1:60762 - "GET /tasks HTTP/1.1" 500 Internal Server Error
ERROR:    Exception in ASGI application
  + Exception Group Traceback (most recent call last):
  |   File "/home/avinash/.local/share/virtualenvs/backend-xmz3RLxt/lib/python3.13/site-packages/starlette/_utils.py", line 76, in collapse_excgroups
  |     yield
  |   File "/home/avinash/.local/share/virtualenvs/backend-xmz3RLxt/lib/python3.13/site-packages/starlette/middleware/base.py", line 177, in __call__
  |     async with anyio.create_task_group() as task_group:
  |                ~~~~~~~~~~~~~~~~~~~~~~~^^
  |   File "/home/avinash/.local/share/virtualenvs/backend-xmz3RLxt/lib/python3.13/site-packages/anyio/_backends/_asyncio.py", line 772, in __aexit__
  |     raise BaseExceptionGroup(
  |         "unhandled errors in a TaskGroup", self._exceptions
  |     ) from None
  | ExceptionGroup: unhandled errors in a TaskGroup (1 sub-exception)
  +-+---------------- 1 ----------------
    | Traceback (most recent call last):
    |   File "/home/avinash/.local/share/virtualenvs/backend-xmz3RLxt/lib/python3.13/site-packages/uvicorn/protocols/http/h11_impl.py", line 403, in run_asgi
    |     result = await app(  # type: ignore[func-returns-value]
    |              ^^^^^^^^^^^^^^^^^^^^^^^^^^^^^^^^^^^^^^^^^^^^^^
    |         self.scope, self.receive, self.send
    |         ^^^^^^^^^^^^^^^^^^^^^^^^^^^^^^^^^^^
    |     )
    |     ^
    |   File "/home/avinash/.local/share/virtualenvs/backend-xmz3RLxt/lib/python3.13/site-packages/uvicorn/middleware/proxy_headers.py", line 60, in __call__
    |     return await self.app(scope, receive, send)
    |            ^^^^^^^^^^^^^^^^^^^^^^^^^^^^^^^^^^^^
    |   File "/home/avinash/.local/share/virtualenvs/backend-xmz3RLxt/lib/python3.13/site-packages/fastapi/applications.py", line 1054, in __call__
    |     await super().__call__(scope, receive, send)
    |   File "/home/avinash/.local/share/virtualenvs/backend-xmz3RLxt/lib/python3.13/site-packages/starlette/applications.py", line 112, in __call__
    |     await self.middleware_stack(scope, receive, send)
    |   File "/home/avinash/.local/share/virtualenvs/backend-xmz3RLxt/lib/python3.13/site-packages/starlette/middleware/errors.py", line 187, in __call__
    |     raise exc
    |   File "/home/avinash/.local/share/virtualenvs/backend-xmz3RLxt/lib/python3.13/site-packages/starlette/middleware/errors.py", line 165, in __call__
    |     await self.app(scope, receive, _send)
    |   File "/home/avinash/.local/share/virtualenvs/backend-xmz3RLxt/lib/python3.13/site-packages/starlette/middleware/base.py", line 176, in __call__
    |     with recv_stream, send_stream, collapse_excgroups():
    |                                    ~~~~~~~~~~~~~~~~~~^^
    |   File "/usr/lib/python3.13/contextlib.py", line 162, in __exit__
    |     self.gen.throw(value)
    |     ~~~~~~~~~~~~~~^^^^^^^
    |   File "/home/avinash/.local/share/virtualenvs/backend-xmz3RLxt/lib/python3.13/site-packages/starlette/_utils.py", line 82, in collapse_excgroups
    |     raise exc
    |   File "/home/avinash/.local/share/virtualenvs/backend-xmz3RLxt/lib/python3.13/site-packages/starlette/middleware/base.py", line 178, in __call__
    |     response = await self.dispatch_func(request, call_next)
    |                ^^^^^^^^^^^^^^^^^^^^^^^^^^^^^^^^^^^^^^^^^^^^
    |   File "/home/avinash/Desktop/workspace/personal/todo-webapp-with-timer/backend/utility/middlewares.py", line 19, in dispatch
    |     response: Response = await call_next(request)
    |                          ^^^^^^^^^^^^^^^^^^^^^^^^
    |   File "/home/avinash/.local/share/virtualenvs/backend-xmz3RLxt/lib/python3.13/site-packages/starlette/middleware/base.py", line 156, in call_next
    |     raise app_exc
    |   File "/home/avinash/.local/share/virtualenvs/backend-xmz3RLxt/lib/python3.13/site-packages/starlette/middleware/base.py", line 141, in coro
    |     await self.app(scope, receive_or_disconnect, send_no_error)
    |   File "/home/avinash/.local/share/virtualenvs/backend-xmz3RLxt/lib/python3.13/site-packages/starlette/middleware/exceptions.py", line 62, in __call__
    |     await wrap_app_handling_exceptions(self.app, conn)(scope, receive, send)
    |   File "/home/avinash/.local/share/virtualenvs/backend-xmz3RLxt/lib/python3.13/site-packages/starlette/_exception_handler.py", line 53, in wrapped_app
    |     raise exc
    |   File "/home/avinash/.local/share/virtualenvs/backend-xmz3RLxt/lib/python3.13/site-packages/starlette/_exception_handler.py", line 42, in wrapped_app
    |     await app(scope, receive, sender)
    |   File "/home/avinash/.local/share/virtualenvs/backend-xmz3RLxt/lib/python3.13/site-packages/starlette/routing.py", line 714, in __call__
    |     await self.middleware_stack(scope, receive, send)
    |   File "/home/avinash/.local/share/virtualenvs/backend-xmz3RLxt/lib/python3.13/site-packages/starlette/routing.py", line 734, in app
    |     await route.handle(scope, receive, send)
    |   File "/home/avinash/.local/share/virtualenvs/backend-xmz3RLxt/lib/python3.13/site-packages/starlette/routing.py", line 288, in handle
    |     await self.app(scope, receive, send)
    |   File "/home/avinash/.local/share/virtualenvs/backend-xmz3RLxt/lib/python3.13/site-packages/starlette/routing.py", line 76, in app
    |     await wrap_app_handling_exceptions(app, request)(scope, receive, send)
    |   File "/home/avinash/.local/share/virtualenvs/backend-xmz3RLxt/lib/python3.13/site-packages/starlette/_exception_handler.py", line 53, in wrapped_app
    |     raise exc
    |   File "/home/avinash/.local/share/virtualenvs/backend-xmz3RLxt/lib/python3.13/site-packages/starlette/_exception_handler.py", line 42, in wrapped_app
    |     await app(scope, receive, sender)
    |   File "/home/avinash/.local/share/virtualenvs/backend-xmz3RLxt/lib/python3.13/site-packages/starlette/routing.py", line 73, in app
    |     response = await f(request)
    |                ^^^^^^^^^^^^^^^^
    |   File "/home/avinash/.local/share/virtualenvs/backend-xmz3RLxt/lib/python3.13/site-packages/fastapi/routing.py", line 327, in app
    |     content = await serialize_response(
    |               ^^^^^^^^^^^^^^^^^^^^^^^^^
    |     ...<9 lines>...
    |     )
    |     ^
    |   File "/home/avinash/.local/share/virtualenvs/backend-xmz3RLxt/lib/python3.13/site-packages/fastapi/routing.py", line 181, in serialize_response
    |     return field.serialize(
    |            ~~~~~~~~~~~~~~~^
    |         value,
    |         ^^^^^^
    |     ...<5 lines>...
    |         exclude_none=exclude_none,
    |         ^^^^^^^^^^^^^^^^^^^^^^^^^^
    |     )
    |     ^
    |   File "/home/avinash/.local/share/virtualenvs/backend-xmz3RLxt/lib/python3.13/site-packages/fastapi/_compat.py", line 151, in serialize
    |     return self._type_adapter.dump_python(
    |            ~~~~~~~~~~~~~~~~~~~~~~~~~~~~~~^
    |         value,
    |         ^^^^^^
    |     ...<6 lines>...
    |         exclude_none=exclude_none,
    |         ^^^^^^^^^^^^^^^^^^^^^^^^^^
    |     )
    |     ^
    |   File "/home/avinash/.local/share/virtualenvs/backend-xmz3RLxt/lib/python3.13/site-packages/pydantic/type_adapter.py", line 572, in dump_python
    |     return self.serializer.to_python(
    |            ~~~~~~~~~~~~~~~~~~~~~~~~~^
    |         instance,
    |         ^^^^^^^^^
    |     ...<11 lines>...
    |         context=context,
    |         ^^^^^^^^^^^^^^^^
    |     )
    |     ^
    | pydantic_core._pydantic_core.PydanticSerializationError: Unable to serialize unknown type: <class 'coroutine'>
    +------------------------------------

During handling of the above exception, another exception occurred:

Traceback (most recent call last):
  File "/home/avinash/.local/share/virtualenvs/backend-xmz3RLxt/lib/python3.13/site-packages/uvicorn/protocols/http/h11_impl.py", line 403, in run_asgi
    result = await app(  # type: ignore[func-returns-value]
             ^^^^^^^^^^^^^^^^^^^^^^^^^^^^^^^^^^^^^^^^^^^^^^
        self.scope, self.receive, self.send
        ^^^^^^^^^^^^^^^^^^^^^^^^^^^^^^^^^^^
    )
    ^
  File "/home/avinash/.local/share/virtualenvs/backend-xmz3RLxt/lib/python3.13/site-packages/uvicorn/middleware/proxy_headers.py", line 60, in __call__
    return await self.app(scope, receive, send)
           ^^^^^^^^^^^^^^^^^^^^^^^^^^^^^^^^^^^^
  File "/home/avinash/.local/share/virtualenvs/backend-xmz3RLxt/lib/python3.13/site-packages/fastapi/applications.py", line 1054, in __call__
    await super().__call__(scope, receive, send)
  File "/home/avinash/.local/share/virtualenvs/backend-xmz3RLxt/lib/python3.13/site-packages/starlette/applications.py", line 112, in __call__
    await self.middleware_stack(scope, receive, send)
  File "/home/avinash/.local/share/virtualenvs/backend-xmz3RLxt/lib/python3.13/site-packages/starlette/middleware/errors.py", line 187, in __call__
    raise exc
  File "/home/avinash/.local/share/virtualenvs/backend-xmz3RLxt/lib/python3.13/site-packages/starlette/middleware/errors.py", line 165, in __call__
    await self.app(scope, receive, _send)
  File "/home/avinash/.local/share/virtualenvs/backend-xmz3RLxt/lib/python3.13/site-packages/starlette/middleware/base.py", line 176, in __call__
    with recv_stream, send_stream, collapse_excgroups():
                                   ~~~~~~~~~~~~~~~~~~^^
  File "/usr/lib/python3.13/contextlib.py", line 162, in __exit__
    self.gen.throw(value)
    ~~~~~~~~~~~~~~^^^^^^^
  File "/home/avinash/.local/share/virtualenvs/backend-xmz3RLxt/lib/python3.13/site-packages/starlette/_utils.py", line 82, in collapse_excgroups
    raise exc
  File "/home/avinash/.local/share/virtualenvs/backend-xmz3RLxt/lib/python3.13/site-packages/starlette/middleware/base.py", line 178, in __call__
    response = await self.dispatch_func(request, call_next)
               ^^^^^^^^^^^^^^^^^^^^^^^^^^^^^^^^^^^^^^^^^^^^
  File "/home/avinash/Desktop/workspace/personal/todo-webapp-with-timer/backend/utility/middlewares.py", line 19, in dispatch
    response: Response = await call_next(request)
                         ^^^^^^^^^^^^^^^^^^^^^^^^
  File "/home/avinash/.local/share/virtualenvs/backend-xmz3RLxt/lib/python3.13/site-packages/starlette/middleware/base.py", line 156, in call_next
    raise app_exc
  File "/home/avinash/.local/share/virtualenvs/backend-xmz3RLxt/lib/python3.13/site-packages/starlette/middleware/base.py", line 141, in coro
    await self.app(scope, receive_or_disconnect, send_no_error)
  File "/home/avinash/.local/share/virtualenvs/backend-xmz3RLxt/lib/python3.13/site-packages/starlette/middleware/exceptions.py", line 62, in __call__
    await wrap_app_handling_exceptions(self.app, conn)(scope, receive, send)
  File "/home/avinash/.local/share/virtualenvs/backend-xmz3RLxt/lib/python3.13/site-packages/starlette/_exception_handler.py", line 53, in wrapped_app
    raise exc
  File "/home/avinash/.local/share/virtualenvs/backend-xmz3RLxt/lib/python3.13/site-packages/starlette/_exception_handler.py", line 42, in wrapped_app
    await app(scope, receive, sender)
  File "/home/avinash/.local/share/virtualenvs/backend-xmz3RLxt/lib/python3.13/site-packages/starlette/routing.py", line 714, in __call__
    await self.middleware_stack(scope, receive, send)
  File "/home/avinash/.local/share/virtualenvs/backend-xmz3RLxt/lib/python3.13/site-packages/starlette/routing.py", line 734, in app
    await route.handle(scope, receive, send)
  File "/home/avinash/.local/share/virtualenvs/backend-xmz3RLxt/lib/python3.13/site-packages/starlette/routing.py", line 288, in handle
    await self.app(scope, receive, send)
  File "/home/avinash/.local/share/virtualenvs/backend-xmz3RLxt/lib/python3.13/site-packages/starlette/routing.py", line 76, in app
    await wrap_app_handling_exceptions(app, request)(scope, receive, send)
  File "/home/avinash/.local/share/virtualenvs/backend-xmz3RLxt/lib/python3.13/site-packages/starlette/_exception_handler.py", line 53, in wrapped_app
    raise exc
  File "/home/avinash/.local/share/virtualenvs/backend-xmz3RLxt/lib/python3.13/site-packages/starlette/_exception_handler.py", line 42, in wrapped_app
    await app(scope, receive, sender)
  File "/home/avinash/.local/share/virtualenvs/backend-xmz3RLxt/lib/python3.13/site-packages/starlette/routing.py", line 73, in app
    response = await f(request)
               ^^^^^^^^^^^^^^^^
  File "/home/avinash/.local/share/virtualenvs/backend-xmz3RLxt/lib/python3.13/site-packages/fastapi/routing.py", line 327, in app
    content = await serialize_response(
              ^^^^^^^^^^^^^^^^^^^^^^^^^
    ...<9 lines>...
    )
    ^
  File "/home/avinash/.local/share/virtualenvs/backend-xmz3RLxt/lib/python3.13/site-packages/fastapi/routing.py", line 181, in serialize_response
    return field.serialize(
           ~~~~~~~~~~~~~~~^
        value,
        ^^^^^^
    ...<5 lines>...
        exclude_none=exclude_none,
        ^^^^^^^^^^^^^^^^^^^^^^^^^^
    )
    ^
  File "/home/avinash/.local/share/virtualenvs/backend-xmz3RLxt/lib/python3.13/site-packages/fastapi/_compat.py", line 151, in serialize
    return self._type_adapter.dump_python(
           ~~~~~~~~~~~~~~~~~~~~~~~~~~~~~~^
        value,
        ^^^^^^
    ...<6 lines>...
        exclude_none=exclude_none,
        ^^^^^^^^^^^^^^^^^^^^^^^^^^
    )
    ^
  File "/home/avinash/.local/share/virtualenvs/backend-xmz3RLxt/lib/python3.13/site-packages/pydantic/type_adapter.py", line 572, in dump_python
    return self.serializer.to_python(
           ~~~~~~~~~~~~~~~~~~~~~~~~~^
        instance,
        ^^^^^^^^^
    ...<11 lines>...
        context=context,
        ^^^^^^^^^^^^^^^^
    )
    ^
pydantic_core._pydantic_core.PydanticSerializationError: Unable to serialize unknown type: <class 'coroutine'>
[2025-06-29 07:43:54] INFO - Request: GET /tasks - Body: None
INFO:     127.0.0.1:60768 - "GET /tasks HTTP/1.1" 500 Internal Server Error
ERROR:    Exception in ASGI application
  + Exception Group Traceback (most recent call last):
  |   File "/home/avinash/.local/share/virtualenvs/backend-xmz3RLxt/lib/python3.13/site-packages/starlette/_utils.py", line 76, in collapse_excgroups
  |     yield
  |   File "/home/avinash/.local/share/virtualenvs/backend-xmz3RLxt/lib/python3.13/site-packages/starlette/middleware/base.py", line 177, in __call__
  |     async with anyio.create_task_group() as task_group:
  |                ~~~~~~~~~~~~~~~~~~~~~~~^^
  |   File "/home/avinash/.local/share/virtualenvs/backend-xmz3RLxt/lib/python3.13/site-packages/anyio/_backends/_asyncio.py", line 772, in __aexit__
  |     raise BaseExceptionGroup(
  |         "unhandled errors in a TaskGroup", self._exceptions
  |     ) from None
  | ExceptionGroup: unhandled errors in a TaskGroup (1 sub-exception)
  +-+---------------- 1 ----------------
    | Traceback (most recent call last):
    |   File "/home/avinash/.local/share/virtualenvs/backend-xmz3RLxt/lib/python3.13/site-packages/uvicorn/protocols/http/h11_impl.py", line 403, in run_asgi
    |     result = await app(  # type: ignore[func-returns-value]
    |              ^^^^^^^^^^^^^^^^^^^^^^^^^^^^^^^^^^^^^^^^^^^^^^
    |         self.scope, self.receive, self.send
    |         ^^^^^^^^^^^^^^^^^^^^^^^^^^^^^^^^^^^
    |     )
    |     ^
    |   File "/home/avinash/.local/share/virtualenvs/backend-xmz3RLxt/lib/python3.13/site-packages/uvicorn/middleware/proxy_headers.py", line 60, in __call__
    |     return await self.app(scope, receive, send)
    |            ^^^^^^^^^^^^^^^^^^^^^^^^^^^^^^^^^^^^
    |   File "/home/avinash/.local/share/virtualenvs/backend-xmz3RLxt/lib/python3.13/site-packages/fastapi/applications.py", line 1054, in __call__
    |     await super().__call__(scope, receive, send)
    |   File "/home/avinash/.local/share/virtualenvs/backend-xmz3RLxt/lib/python3.13/site-packages/starlette/applications.py", line 112, in __call__
    |     await self.middleware_stack(scope, receive, send)
    |   File "/home/avinash/.local/share/virtualenvs/backend-xmz3RLxt/lib/python3.13/site-packages/starlette/middleware/errors.py", line 187, in __call__
    |     raise exc
    |   File "/home/avinash/.local/share/virtualenvs/backend-xmz3RLxt/lib/python3.13/site-packages/starlette/middleware/errors.py", line 165, in __call__
    |     await self.app(scope, receive, _send)
    |   File "/home/avinash/.local/share/virtualenvs/backend-xmz3RLxt/lib/python3.13/site-packages/starlette/middleware/base.py", line 176, in __call__
    |     with recv_stream, send_stream, collapse_excgroups():
    |                                    ~~~~~~~~~~~~~~~~~~^^
    |   File "/usr/lib/python3.13/contextlib.py", line 162, in __exit__
    |     self.gen.throw(value)
    |     ~~~~~~~~~~~~~~^^^^^^^
    |   File "/home/avinash/.local/share/virtualenvs/backend-xmz3RLxt/lib/python3.13/site-packages/starlette/_utils.py", line 82, in collapse_excgroups
    |     raise exc
    |   File "/home/avinash/.local/share/virtualenvs/backend-xmz3RLxt/lib/python3.13/site-packages/starlette/middleware/base.py", line 178, in __call__
    |     response = await self.dispatch_func(request, call_next)
    |                ^^^^^^^^^^^^^^^^^^^^^^^^^^^^^^^^^^^^^^^^^^^^
    |   File "/home/avinash/Desktop/workspace/personal/todo-webapp-with-timer/backend/utility/middlewares.py", line 19, in dispatch
    |     response: Response = await call_next(request)
    |                          ^^^^^^^^^^^^^^^^^^^^^^^^
    |   File "/home/avinash/.local/share/virtualenvs/backend-xmz3RLxt/lib/python3.13/site-packages/starlette/middleware/base.py", line 156, in call_next
    |     raise app_exc
    |   File "/home/avinash/.local/share/virtualenvs/backend-xmz3RLxt/lib/python3.13/site-packages/starlette/middleware/base.py", line 141, in coro
    |     await self.app(scope, receive_or_disconnect, send_no_error)
    |   File "/home/avinash/.local/share/virtualenvs/backend-xmz3RLxt/lib/python3.13/site-packages/starlette/middleware/exceptions.py", line 62, in __call__
    |     await wrap_app_handling_exceptions(self.app, conn)(scope, receive, send)
    |   File "/home/avinash/.local/share/virtualenvs/backend-xmz3RLxt/lib/python3.13/site-packages/starlette/_exception_handler.py", line 53, in wrapped_app
    |     raise exc
    |   File "/home/avinash/.local/share/virtualenvs/backend-xmz3RLxt/lib/python3.13/site-packages/starlette/_exception_handler.py", line 42, in wrapped_app
    |     await app(scope, receive, sender)
    |   File "/home/avinash/.local/share/virtualenvs/backend-xmz3RLxt/lib/python3.13/site-packages/starlette/routing.py", line 714, in __call__
    |     await self.middleware_stack(scope, receive, send)
    |   File "/home/avinash/.local/share/virtualenvs/backend-xmz3RLxt/lib/python3.13/site-packages/starlette/routing.py", line 734, in app
    |     await route.handle(scope, receive, send)
    |   File "/home/avinash/.local/share/virtualenvs/backend-xmz3RLxt/lib/python3.13/site-packages/starlette/routing.py", line 288, in handle
    |     await self.app(scope, receive, send)
    |   File "/home/avinash/.local/share/virtualenvs/backend-xmz3RLxt/lib/python3.13/site-packages/starlette/routing.py", line 76, in app
    |     await wrap_app_handling_exceptions(app, request)(scope, receive, send)
    |   File "/home/avinash/.local/share/virtualenvs/backend-xmz3RLxt/lib/python3.13/site-packages/starlette/_exception_handler.py", line 53, in wrapped_app
    |     raise exc
    |   File "/home/avinash/.local/share/virtualenvs/backend-xmz3RLxt/lib/python3.13/site-packages/starlette/_exception_handler.py", line 42, in wrapped_app
    |     await app(scope, receive, sender)
    |   File "/home/avinash/.local/share/virtualenvs/backend-xmz3RLxt/lib/python3.13/site-packages/starlette/routing.py", line 73, in app
    |     response = await f(request)
    |                ^^^^^^^^^^^^^^^^
    |   File "/home/avinash/.local/share/virtualenvs/backend-xmz3RLxt/lib/python3.13/site-packages/fastapi/routing.py", line 327, in app
    |     content = await serialize_response(
    |               ^^^^^^^^^^^^^^^^^^^^^^^^^
    |     ...<9 lines>...
    |     )
    |     ^
    |   File "/home/avinash/.local/share/virtualenvs/backend-xmz3RLxt/lib/python3.13/site-packages/fastapi/routing.py", line 181, in serialize_response
    |     return field.serialize(
    |            ~~~~~~~~~~~~~~~^
    |         value,
    |         ^^^^^^
    |     ...<5 lines>...
    |         exclude_none=exclude_none,
    |         ^^^^^^^^^^^^^^^^^^^^^^^^^^
    |     )
    |     ^
    |   File "/home/avinash/.local/share/virtualenvs/backend-xmz3RLxt/lib/python3.13/site-packages/fastapi/_compat.py", line 151, in serialize
    |     return self._type_adapter.dump_python(
    |            ~~~~~~~~~~~~~~~~~~~~~~~~~~~~~~^
    |         value,
    |         ^^^^^^
    |     ...<6 lines>...
    |         exclude_none=exclude_none,
    |         ^^^^^^^^^^^^^^^^^^^^^^^^^^
    |     )
    |     ^
    |   File "/home/avinash/.local/share/virtualenvs/backend-xmz3RLxt/lib/python3.13/site-packages/pydantic/type_adapter.py", line 572, in dump_python
    |     return self.serializer.to_python(
    |            ~~~~~~~~~~~~~~~~~~~~~~~~~^
    |         instance,
    |         ^^^^^^^^^
    |     ...<11 lines>...
    |         context=context,
    |         ^^^^^^^^^^^^^^^^
    |     )
    |     ^
    | pydantic_core._pydantic_core.PydanticSerializationError: Unable to serialize unknown type: <class 'coroutine'>
    +------------------------------------

During handling of the above exception, another exception occurred:

Traceback (most recent call last):
  File "/home/avinash/.local/share/virtualenvs/backend-xmz3RLxt/lib/python3.13/site-packages/uvicorn/protocols/http/h11_impl.py", line 403, in run_asgi
    result = await app(  # type: ignore[func-returns-value]
             ^^^^^^^^^^^^^^^^^^^^^^^^^^^^^^^^^^^^^^^^^^^^^^
        self.scope, self.receive, self.send
        ^^^^^^^^^^^^^^^^^^^^^^^^^^^^^^^^^^^
    )
    ^
  File "/home/avinash/.local/share/virtualenvs/backend-xmz3RLxt/lib/python3.13/site-packages/uvicorn/middleware/proxy_headers.py", line 60, in __call__
    return await self.app(scope, receive, send)
           ^^^^^^^^^^^^^^^^^^^^^^^^^^^^^^^^^^^^
  File "/home/avinash/.local/share/virtualenvs/backend-xmz3RLxt/lib/python3.13/site-packages/fastapi/applications.py", line 1054, in __call__
    await super().__call__(scope, receive, send)
  File "/home/avinash/.local/share/virtualenvs/backend-xmz3RLxt/lib/python3.13/site-packages/starlette/applications.py", line 112, in __call__
    await self.middleware_stack(scope, receive, send)
  File "/home/avinash/.local/share/virtualenvs/backend-xmz3RLxt/lib/python3.13/site-packages/starlette/middleware/errors.py", line 187, in __call__
    raise exc
  File "/home/avinash/.local/share/virtualenvs/backend-xmz3RLxt/lib/python3.13/site-packages/starlette/middleware/errors.py", line 165, in __call__
    await self.app(scope, receive, _send)
  File "/home/avinash/.local/share/virtualenvs/backend-xmz3RLxt/lib/python3.13/site-packages/starlette/middleware/base.py", line 176, in __call__
    with recv_stream, send_stream, collapse_excgroups():
                                   ~~~~~~~~~~~~~~~~~~^^
  File "/usr/lib/python3.13/contextlib.py", line 162, in __exit__
    self.gen.throw(value)
    ~~~~~~~~~~~~~~^^^^^^^
  File "/home/avinash/.local/share/virtualenvs/backend-xmz3RLxt/lib/python3.13/site-packages/starlette/_utils.py", line 82, in collapse_excgroups
    raise exc
  File "/home/avinash/.local/share/virtualenvs/backend-xmz3RLxt/lib/python3.13/site-packages/starlette/middleware/base.py", line 178, in __call__
    response = await self.dispatch_func(request, call_next)
               ^^^^^^^^^^^^^^^^^^^^^^^^^^^^^^^^^^^^^^^^^^^^
  File "/home/avinash/Desktop/workspace/personal/todo-webapp-with-timer/backend/utility/middlewares.py", line 19, in dispatch
    response: Response = await call_next(request)
                         ^^^^^^^^^^^^^^^^^^^^^^^^
  File "/home/avinash/.local/share/virtualenvs/backend-xmz3RLxt/lib/python3.13/site-packages/starlette/middleware/base.py", line 156, in call_next
    raise app_exc
  File "/home/avinash/.local/share/virtualenvs/backend-xmz3RLxt/lib/python3.13/site-packages/starlette/middleware/base.py", line 141, in coro
    await self.app(scope, receive_or_disconnect, send_no_error)
  File "/home/avinash/.local/share/virtualenvs/backend-xmz3RLxt/lib/python3.13/site-packages/starlette/middleware/exceptions.py", line 62, in __call__
    await wrap_app_handling_exceptions(self.app, conn)(scope, receive, send)
  File "/home/avinash/.local/share/virtualenvs/backend-xmz3RLxt/lib/python3.13/site-packages/starlette/_exception_handler.py", line 53, in wrapped_app
    raise exc
  File "/home/avinash/.local/share/virtualenvs/backend-xmz3RLxt/lib/python3.13/site-packages/starlette/_exception_handler.py", line 42, in wrapped_app
    await app(scope, receive, sender)
  File "/home/avinash/.local/share/virtualenvs/backend-xmz3RLxt/lib/python3.13/site-packages/starlette/routing.py", line 714, in __call__
    await self.middleware_stack(scope, receive, send)
  File "/home/avinash/.local/share/virtualenvs/backend-xmz3RLxt/lib/python3.13/site-packages/starlette/routing.py", line 734, in app
    await route.handle(scope, receive, send)
  File "/home/avinash/.local/share/virtualenvs/backend-xmz3RLxt/lib/python3.13/site-packages/starlette/routing.py", line 288, in handle
    await self.app(scope, receive, send)
  File "/home/avinash/.local/share/virtualenvs/backend-xmz3RLxt/lib/python3.13/site-packages/starlette/routing.py", line 76, in app
    await wrap_app_handling_exceptions(app, request)(scope, receive, send)
  File "/home/avinash/.local/share/virtualenvs/backend-xmz3RLxt/lib/python3.13/site-packages/starlette/_exception_handler.py", line 53, in wrapped_app
    raise exc
  File "/home/avinash/.local/share/virtualenvs/backend-xmz3RLxt/lib/python3.13/site-packages/starlette/_exception_handler.py", line 42, in wrapped_app
    await app(scope, receive, sender)
  File "/home/avinash/.local/share/virtualenvs/backend-xmz3RLxt/lib/python3.13/site-packages/starlette/routing.py", line 73, in app
    response = await f(request)
               ^^^^^^^^^^^^^^^^
  File "/home/avinash/.local/share/virtualenvs/backend-xmz3RLxt/lib/python3.13/site-packages/fastapi/routing.py", line 327, in app
    content = await serialize_response(
              ^^^^^^^^^^^^^^^^^^^^^^^^^
    ...<9 lines>...
    )
    ^
  File "/home/avinash/.local/share/virtualenvs/backend-xmz3RLxt/lib/python3.13/site-packages/fastapi/routing.py", line 181, in serialize_response
    return field.serialize(
           ~~~~~~~~~~~~~~~^
        value,
        ^^^^^^
    ...<5 lines>...
        exclude_none=exclude_none,
        ^^^^^^^^^^^^^^^^^^^^^^^^^^
    )
    ^
  File "/home/avinash/.local/share/virtualenvs/backend-xmz3RLxt/lib/python3.13/site-packages/fastapi/_compat.py", line 151, in serialize
    return self._type_adapter.dump_python(
           ~~~~~~~~~~~~~~~~~~~~~~~~~~~~~~^
        value,
        ^^^^^^
    ...<6 lines>...
        exclude_none=exclude_none,
        ^^^^^^^^^^^^^^^^^^^^^^^^^^
    )
    ^
  File "/home/avinash/.local/share/virtualenvs/backend-xmz3RLxt/lib/python3.13/site-packages/pydantic/type_adapter.py", line 572, in dump_python
    return self.serializer.to_python(
           ~~~~~~~~~~~~~~~~~~~~~~~~~^
        instance,
        ^^^^^^^^^
    ...<11 lines>...
        context=context,
        ^^^^^^^^^^^^^^^^
    )
    ^
pydantic_core._pydantic_core.PydanticSerializationError: Unable to serialize unknown type: <class 'coroutine'>
WARNING:  StatReload detected changes in 'tasks/routes.py'. Reloading...
INFO:     Shutting down
INFO:     Waiting for application shutdown.
INFO:     Application shutdown complete.
INFO:     Finished server process [130929]
INFO:     Started server process [131219]
INFO:     Waiting for application startup.
INFO:     Application startup complete.
/home/avinash/Desktop/workspace/personal/todo-webapp-with-timer/backend/app.py:19: DeprecationWarning: 
        on_event is deprecated, use lifespan event handlers instead.

        Read more about it in the
        [FastAPI docs for Lifespan Events](https://fastapi.tiangolo.com/advanced/events/).
        
  @app.on_event("startup")
/home/avinash/Desktop/workspace/personal/todo-webapp-with-timer/backend/app.py:23: DeprecationWarning: 
        on_event is deprecated, use lifespan event handlers instead.

        Read more about it in the
        [FastAPI docs for Lifespan Events](https://fastapi.tiangolo.com/advanced/events/).
        
  @app.on_event("shutdown")
INFO:     Will watch for changes in these directories: ['/home/avinash/Desktop/workspace/personal/todo-webapp-with-timer/backend']
INFO:     Uvicorn running on http://127.0.0.1:8000 (Press CTRL+C to quit)
INFO:     Started reloader process [132703] using StatReload
INFO:     Started server process [132728]
INFO:     Waiting for application startup.
INFO:     Application startup complete.
/home/avinash/Desktop/workspace/personal/todo-webapp-with-timer/backend/app.py:19: DeprecationWarning: 
        on_event is deprecated, use lifespan event handlers instead.

        Read more about it in the
        [FastAPI docs for Lifespan Events](https://fastapi.tiangolo.com/advanced/events/).
        
  @app.on_event("startup")
/home/avinash/Desktop/workspace/personal/todo-webapp-with-timer/backend/app.py:23: DeprecationWarning: 
        on_event is deprecated, use lifespan event handlers instead.

        Read more about it in the
        [FastAPI docs for Lifespan Events](https://fastapi.tiangolo.com/advanced/events/).
        
  @app.on_event("shutdown")
INFO:     Will watch for changes in these directories: ['/home/avinash/Desktop/workspace/personal/todo-webapp-with-timer/backend']
INFO:     Uvicorn running on http://127.0.0.1:8000 (Press CTRL+C to quit)
INFO:     Started reloader process [133228] using StatReload
INFO:     Started server process [133255]
INFO:     Waiting for application startup.
INFO:     Application startup complete.
/home/avinash/Desktop/workspace/personal/todo-webapp-with-timer/backend/app.py:19: DeprecationWarning: 
        on_event is deprecated, use lifespan event handlers instead.

        Read more about it in the
        [FastAPI docs for Lifespan Events](https://fastapi.tiangolo.com/advanced/events/).
        
  @app.on_event("startup")
/home/avinash/Desktop/workspace/personal/todo-webapp-with-timer/backend/app.py:23: DeprecationWarning: 
        on_event is deprecated, use lifespan event handlers instead.

        Read more about it in the
        [FastAPI docs for Lifespan Events](https://fastapi.tiangolo.com/advanced/events/).
        
  @app.on_event("shutdown")
INFO:     Will watch for changes in these directories: ['/home/avinash/Desktop/workspace/personal/todo-webapp-with-timer/backend']
INFO:     Uvicorn running on http://127.0.0.1:8000 (Press CTRL+C to quit)
INFO:     Started reloader process [134949] using StatReload
INFO:     Started server process [134989]
INFO:     Waiting for application startup.
INFO:     Application startup complete.
WARNING:  StatReload detected changes in 'app.py'. Reloading...
INFO:     Shutting down
INFO:     Waiting for application shutdown.
INFO:     Application shutdown complete.
INFO:     Finished server process [134989]
Traceback (most recent call last):
  File "<string>", line 1, in <module>
    from multiprocessing.spawn import spawn_main; spawn_main(tracker_fd=5, pipe_handle=7)
                                                  ~~~~~~~~~~^^^^^^^^^^^^^^^^^^^^^^^^^^^^^
  File "/usr/lib/python3.13/multiprocessing/spawn.py", line 122, in spawn_main
    exitcode = _main(fd, parent_sentinel)
  File "/usr/lib/python3.13/multiprocessing/spawn.py", line 131, in _main
    prepare(preparation_data)
    ~~~~~~~^^^^^^^^^^^^^^^^^^
  File "/usr/lib/python3.13/multiprocessing/spawn.py", line 246, in prepare
    _fixup_main_from_path(data['init_main_from_path'])
    ~~~~~~~~~~~~~~~~~~~~~^^^^^^^^^^^^^^^^^^^^^^^^^^^^^
  File "/usr/lib/python3.13/multiprocessing/spawn.py", line 297, in _fixup_main_from_path
    main_content = runpy.run_path(main_path,
                                  run_name="__mp_main__")
  File "<frozen runpy>", line 287, in run_path
  File "<frozen runpy>", line 98, in _run_module_code
  File "<frozen runpy>", line 88, in _run_code
  File "/home/avinash/Desktop/workspace/personal/todo-webapp-with-timer/backend/app.py", line 16, in <module>
    CORSMiddleware,
    ^^^^^^^^^^^^^^
NameError: name 'CORSMiddleware' is not defined
WARNING:  StatReload detected changes in 'app.py'. Reloading...
INFO:     Started server process [136583]
INFO:     Waiting for application startup.
INFO:     Application startup complete.
WARNING:  StatReload detected changes in 'app.py'. Reloading...
INFO:     Shutting down
INFO:     Waiting for application shutdown.
INFO:     Application shutdown complete.
INFO:     Finished server process [136583]
INFO:     Started server process [136634]
INFO:     Waiting for application startup.
INFO:     Application startup complete.
[2025-06-29 08:51:02] INFO - Request: GET /tasks - Body: None
INFO:     127.0.0.1:36286 - "GET /tasks HTTP/1.1" 500 Internal Server Error
ERROR:    Exception in ASGI application
  + Exception Group Traceback (most recent call last):
  |   File "/home/avinash/.local/share/virtualenvs/backend-xmz3RLxt/lib/python3.13/site-packages/starlette/_utils.py", line 76, in collapse_excgroups
  |     yield
  |   File "/home/avinash/.local/share/virtualenvs/backend-xmz3RLxt/lib/python3.13/site-packages/starlette/middleware/base.py", line 177, in __call__
  |     async with anyio.create_task_group() as task_group:
  |                ~~~~~~~~~~~~~~~~~~~~~~~^^
  |   File "/home/avinash/.local/share/virtualenvs/backend-xmz3RLxt/lib/python3.13/site-packages/anyio/_backends/_asyncio.py", line 772, in __aexit__
  |     raise BaseExceptionGroup(
  |         "unhandled errors in a TaskGroup", self._exceptions
  |     ) from None
  | ExceptionGroup: unhandled errors in a TaskGroup (1 sub-exception)
  +-+---------------- 1 ----------------
    | Traceback (most recent call last):
    |   File "/home/avinash/.local/share/virtualenvs/backend-xmz3RLxt/lib/python3.13/site-packages/uvicorn/protocols/http/h11_impl.py", line 403, in run_asgi
    |     result = await app(  # type: ignore[func-returns-value]
    |              ^^^^^^^^^^^^^^^^^^^^^^^^^^^^^^^^^^^^^^^^^^^^^^
    |         self.scope, self.receive, self.send
    |         ^^^^^^^^^^^^^^^^^^^^^^^^^^^^^^^^^^^
    |     )
    |     ^
    |   File "/home/avinash/.local/share/virtualenvs/backend-xmz3RLxt/lib/python3.13/site-packages/uvicorn/middleware/proxy_headers.py", line 60, in __call__
    |     return await self.app(scope, receive, send)
    |            ^^^^^^^^^^^^^^^^^^^^^^^^^^^^^^^^^^^^
    |   File "/home/avinash/.local/share/virtualenvs/backend-xmz3RLxt/lib/python3.13/site-packages/fastapi/applications.py", line 1054, in __call__
    |     await super().__call__(scope, receive, send)
    |   File "/home/avinash/.local/share/virtualenvs/backend-xmz3RLxt/lib/python3.13/site-packages/starlette/applications.py", line 112, in __call__
    |     await self.middleware_stack(scope, receive, send)
    |   File "/home/avinash/.local/share/virtualenvs/backend-xmz3RLxt/lib/python3.13/site-packages/starlette/middleware/errors.py", line 187, in __call__
    |     raise exc
    |   File "/home/avinash/.local/share/virtualenvs/backend-xmz3RLxt/lib/python3.13/site-packages/starlette/middleware/errors.py", line 165, in __call__
    |     await self.app(scope, receive, _send)
    |   File "/home/avinash/.local/share/virtualenvs/backend-xmz3RLxt/lib/python3.13/site-packages/starlette/middleware/cors.py", line 93, in __call__
    |     await self.simple_response(scope, receive, send, request_headers=headers)
    |   File "/home/avinash/.local/share/virtualenvs/backend-xmz3RLxt/lib/python3.13/site-packages/starlette/middleware/cors.py", line 144, in simple_response
    |     await self.app(scope, receive, send)
    |   File "/home/avinash/.local/share/virtualenvs/backend-xmz3RLxt/lib/python3.13/site-packages/starlette/middleware/base.py", line 176, in __call__
    |     with recv_stream, send_stream, collapse_excgroups():
    |                                    ~~~~~~~~~~~~~~~~~~^^
    |   File "/usr/lib/python3.13/contextlib.py", line 162, in __exit__
    |     self.gen.throw(value)
    |     ~~~~~~~~~~~~~~^^^^^^^
    |   File "/home/avinash/.local/share/virtualenvs/backend-xmz3RLxt/lib/python3.13/site-packages/starlette/_utils.py", line 82, in collapse_excgroups
    |     raise exc
    |   File "/home/avinash/.local/share/virtualenvs/backend-xmz3RLxt/lib/python3.13/site-packages/starlette/middleware/base.py", line 178, in __call__
    |     response = await self.dispatch_func(request, call_next)
    |                ^^^^^^^^^^^^^^^^^^^^^^^^^^^^^^^^^^^^^^^^^^^^
    |   File "/home/avinash/Desktop/workspace/personal/todo-webapp-with-timer/backend/utility/middlewares.py", line 19, in dispatch
    |     response: Response = await call_next(request)
    |                          ^^^^^^^^^^^^^^^^^^^^^^^^
    |   File "/home/avinash/.local/share/virtualenvs/backend-xmz3RLxt/lib/python3.13/site-packages/starlette/middleware/base.py", line 156, in call_next
    |     raise app_exc
    |   File "/home/avinash/.local/share/virtualenvs/backend-xmz3RLxt/lib/python3.13/site-packages/starlette/middleware/base.py", line 141, in coro
    |     await self.app(scope, receive_or_disconnect, send_no_error)
    |   File "/home/avinash/.local/share/virtualenvs/backend-xmz3RLxt/lib/python3.13/site-packages/starlette/middleware/exceptions.py", line 62, in __call__
    |     await wrap_app_handling_exceptions(self.app, conn)(scope, receive, send)
    |   File "/home/avinash/.local/share/virtualenvs/backend-xmz3RLxt/lib/python3.13/site-packages/starlette/_exception_handler.py", line 53, in wrapped_app
    |     raise exc
    |   File "/home/avinash/.local/share/virtualenvs/backend-xmz3RLxt/lib/python3.13/site-packages/starlette/_exception_handler.py", line 42, in wrapped_app
    |     await app(scope, receive, sender)
    |   File "/home/avinash/.local/share/virtualenvs/backend-xmz3RLxt/lib/python3.13/site-packages/starlette/routing.py", line 714, in __call__
    |     await self.middleware_stack(scope, receive, send)
    |   File "/home/avinash/.local/share/virtualenvs/backend-xmz3RLxt/lib/python3.13/site-packages/starlette/routing.py", line 734, in app
    |     await route.handle(scope, receive, send)
    |   File "/home/avinash/.local/share/virtualenvs/backend-xmz3RLxt/lib/python3.13/site-packages/starlette/routing.py", line 288, in handle
    |     await self.app(scope, receive, send)
    |   File "/home/avinash/.local/share/virtualenvs/backend-xmz3RLxt/lib/python3.13/site-packages/starlette/routing.py", line 76, in app
    |     await wrap_app_handling_exceptions(app, request)(scope, receive, send)
    |   File "/home/avinash/.local/share/virtualenvs/backend-xmz3RLxt/lib/python3.13/site-packages/starlette/_exception_handler.py", line 53, in wrapped_app
    |     raise exc
    |   File "/home/avinash/.local/share/virtualenvs/backend-xmz3RLxt/lib/python3.13/site-packages/starlette/_exception_handler.py", line 42, in wrapped_app
    |     await app(scope, receive, sender)
    |   File "/home/avinash/.local/share/virtualenvs/backend-xmz3RLxt/lib/python3.13/site-packages/starlette/routing.py", line 73, in app
    |     response = await f(request)
    |                ^^^^^^^^^^^^^^^^
    |   File "/home/avinash/.local/share/virtualenvs/backend-xmz3RLxt/lib/python3.13/site-packages/fastapi/routing.py", line 327, in app
    |     content = await serialize_response(
    |               ^^^^^^^^^^^^^^^^^^^^^^^^^
    |     ...<9 lines>...
    |     )
    |     ^
    |   File "/home/avinash/.local/share/virtualenvs/backend-xmz3RLxt/lib/python3.13/site-packages/fastapi/routing.py", line 181, in serialize_response
    |     return field.serialize(
    |            ~~~~~~~~~~~~~~~^
    |         value,
    |         ^^^^^^
    |     ...<5 lines>...
    |         exclude_none=exclude_none,
    |         ^^^^^^^^^^^^^^^^^^^^^^^^^^
    |     )
    |     ^
    |   File "/home/avinash/.local/share/virtualenvs/backend-xmz3RLxt/lib/python3.13/site-packages/fastapi/_compat.py", line 151, in serialize
    |     return self._type_adapter.dump_python(
    |            ~~~~~~~~~~~~~~~~~~~~~~~~~~~~~~^
    |         value,
    |         ^^^^^^
    |     ...<6 lines>...
    |         exclude_none=exclude_none,
    |         ^^^^^^^^^^^^^^^^^^^^^^^^^^
    |     )
    |     ^
    |   File "/home/avinash/.local/share/virtualenvs/backend-xmz3RLxt/lib/python3.13/site-packages/pydantic/type_adapter.py", line 572, in dump_python
    |     return self.serializer.to_python(
    |            ~~~~~~~~~~~~~~~~~~~~~~~~~^
    |         instance,
    |         ^^^^^^^^^
    |     ...<11 lines>...
    |         context=context,
    |         ^^^^^^^^^^^^^^^^
    |     )
    |     ^
    | pydantic_core._pydantic_core.PydanticSerializationError: Unable to serialize unknown type: <class 'coroutine'>
    +------------------------------------

During handling of the above exception, another exception occurred:

Traceback (most recent call last):
  File "/home/avinash/.local/share/virtualenvs/backend-xmz3RLxt/lib/python3.13/site-packages/uvicorn/protocols/http/h11_impl.py", line 403, in run_asgi
    result = await app(  # type: ignore[func-returns-value]
             ^^^^^^^^^^^^^^^^^^^^^^^^^^^^^^^^^^^^^^^^^^^^^^
        self.scope, self.receive, self.send
        ^^^^^^^^^^^^^^^^^^^^^^^^^^^^^^^^^^^
    )
    ^
  File "/home/avinash/.local/share/virtualenvs/backend-xmz3RLxt/lib/python3.13/site-packages/uvicorn/middleware/proxy_headers.py", line 60, in __call__
    return await self.app(scope, receive, send)
           ^^^^^^^^^^^^^^^^^^^^^^^^^^^^^^^^^^^^
  File "/home/avinash/.local/share/virtualenvs/backend-xmz3RLxt/lib/python3.13/site-packages/fastapi/applications.py", line 1054, in __call__
    await super().__call__(scope, receive, send)
  File "/home/avinash/.local/share/virtualenvs/backend-xmz3RLxt/lib/python3.13/site-packages/starlette/applications.py", line 112, in __call__
    await self.middleware_stack(scope, receive, send)
  File "/home/avinash/.local/share/virtualenvs/backend-xmz3RLxt/lib/python3.13/site-packages/starlette/middleware/errors.py", line 187, in __call__
    raise exc
  File "/home/avinash/.local/share/virtualenvs/backend-xmz3RLxt/lib/python3.13/site-packages/starlette/middleware/errors.py", line 165, in __call__
    await self.app(scope, receive, _send)
  File "/home/avinash/.local/share/virtualenvs/backend-xmz3RLxt/lib/python3.13/site-packages/starlette/middleware/cors.py", line 93, in __call__
    await self.simple_response(scope, receive, send, request_headers=headers)
  File "/home/avinash/.local/share/virtualenvs/backend-xmz3RLxt/lib/python3.13/site-packages/starlette/middleware/cors.py", line 144, in simple_response
    await self.app(scope, receive, send)
  File "/home/avinash/.local/share/virtualenvs/backend-xmz3RLxt/lib/python3.13/site-packages/starlette/middleware/base.py", line 176, in __call__
    with recv_stream, send_stream, collapse_excgroups():
                                   ~~~~~~~~~~~~~~~~~~^^
  File "/usr/lib/python3.13/contextlib.py", line 162, in __exit__
    self.gen.throw(value)
    ~~~~~~~~~~~~~~^^^^^^^
  File "/home/avinash/.local/share/virtualenvs/backend-xmz3RLxt/lib/python3.13/site-packages/starlette/_utils.py", line 82, in collapse_excgroups
    raise exc
  File "/home/avinash/.local/share/virtualenvs/backend-xmz3RLxt/lib/python3.13/site-packages/starlette/middleware/base.py", line 178, in __call__
    response = await self.dispatch_func(request, call_next)
               ^^^^^^^^^^^^^^^^^^^^^^^^^^^^^^^^^^^^^^^^^^^^
  File "/home/avinash/Desktop/workspace/personal/todo-webapp-with-timer/backend/utility/middlewares.py", line 19, in dispatch
    response: Response = await call_next(request)
                         ^^^^^^^^^^^^^^^^^^^^^^^^
  File "/home/avinash/.local/share/virtualenvs/backend-xmz3RLxt/lib/python3.13/site-packages/starlette/middleware/base.py", line 156, in call_next
    raise app_exc
  File "/home/avinash/.local/share/virtualenvs/backend-xmz3RLxt/lib/python3.13/site-packages/starlette/middleware/base.py", line 141, in coro
    await self.app(scope, receive_or_disconnect, send_no_error)
  File "/home/avinash/.local/share/virtualenvs/backend-xmz3RLxt/lib/python3.13/site-packages/starlette/middleware/exceptions.py", line 62, in __call__
    await wrap_app_handling_exceptions(self.app, conn)(scope, receive, send)
  File "/home/avinash/.local/share/virtualenvs/backend-xmz3RLxt/lib/python3.13/site-packages/starlette/_exception_handler.py", line 53, in wrapped_app
    raise exc
  File "/home/avinash/.local/share/virtualenvs/backend-xmz3RLxt/lib/python3.13/site-packages/starlette/_exception_handler.py", line 42, in wrapped_app
    await app(scope, receive, sender)
  File "/home/avinash/.local/share/virtualenvs/backend-xmz3RLxt/lib/python3.13/site-packages/starlette/routing.py", line 714, in __call__
    await self.middleware_stack(scope, receive, send)
  File "/home/avinash/.local/share/virtualenvs/backend-xmz3RLxt/lib/python3.13/site-packages/starlette/routing.py", line 734, in app
    await route.handle(scope, receive, send)
  File "/home/avinash/.local/share/virtualenvs/backend-xmz3RLxt/lib/python3.13/site-packages/starlette/routing.py", line 288, in handle
    await self.app(scope, receive, send)
  File "/home/avinash/.local/share/virtualenvs/backend-xmz3RLxt/lib/python3.13/site-packages/starlette/routing.py", line 76, in app
    await wrap_app_handling_exceptions(app, request)(scope, receive, send)
  File "/home/avinash/.local/share/virtualenvs/backend-xmz3RLxt/lib/python3.13/site-packages/starlette/_exception_handler.py", line 53, in wrapped_app
    raise exc
  File "/home/avinash/.local/share/virtualenvs/backend-xmz3RLxt/lib/python3.13/site-packages/starlette/_exception_handler.py", line 42, in wrapped_app
    await app(scope, receive, sender)
  File "/home/avinash/.local/share/virtualenvs/backend-xmz3RLxt/lib/python3.13/site-packages/starlette/routing.py", line 73, in app
    response = await f(request)
               ^^^^^^^^^^^^^^^^
  File "/home/avinash/.local/share/virtualenvs/backend-xmz3RLxt/lib/python3.13/site-packages/fastapi/routing.py", line 327, in app
    content = await serialize_response(
              ^^^^^^^^^^^^^^^^^^^^^^^^^
    ...<9 lines>...
    )
    ^
  File "/home/avinash/.local/share/virtualenvs/backend-xmz3RLxt/lib/python3.13/site-packages/fastapi/routing.py", line 181, in serialize_response
    return field.serialize(
           ~~~~~~~~~~~~~~~^
        value,
        ^^^^^^
    ...<5 lines>...
        exclude_none=exclude_none,
        ^^^^^^^^^^^^^^^^^^^^^^^^^^
    )
    ^
  File "/home/avinash/.local/share/virtualenvs/backend-xmz3RLxt/lib/python3.13/site-packages/fastapi/_compat.py", line 151, in serialize
    return self._type_adapter.dump_python(
           ~~~~~~~~~~~~~~~~~~~~~~~~~~~~~~^
        value,
        ^^^^^^
    ...<6 lines>...
        exclude_none=exclude_none,
        ^^^^^^^^^^^^^^^^^^^^^^^^^^
    )
    ^
  File "/home/avinash/.local/share/virtualenvs/backend-xmz3RLxt/lib/python3.13/site-packages/pydantic/type_adapter.py", line 572, in dump_python
    return self.serializer.to_python(
           ~~~~~~~~~~~~~~~~~~~~~~~~~^
        instance,
        ^^^^^^^^^
    ...<11 lines>...
        context=context,
        ^^^^^^^^^^^^^^^^
    )
    ^
pydantic_core._pydantic_core.PydanticSerializationError: Unable to serialize unknown type: <class 'coroutine'>
[2025-06-29 08:51:03] INFO - Request: GET /tasks - Body: None
INFO:     127.0.0.1:36288 - "GET /tasks HTTP/1.1" 500 Internal Server Error
ERROR:    Exception in ASGI application
  + Exception Group Traceback (most recent call last):
  |   File "/home/avinash/.local/share/virtualenvs/backend-xmz3RLxt/lib/python3.13/site-packages/starlette/_utils.py", line 76, in collapse_excgroups
  |     yield
  |   File "/home/avinash/.local/share/virtualenvs/backend-xmz3RLxt/lib/python3.13/site-packages/starlette/middleware/base.py", line 177, in __call__
  |     async with anyio.create_task_group() as task_group:
  |                ~~~~~~~~~~~~~~~~~~~~~~~^^
  |   File "/home/avinash/.local/share/virtualenvs/backend-xmz3RLxt/lib/python3.13/site-packages/anyio/_backends/_asyncio.py", line 772, in __aexit__
  |     raise BaseExceptionGroup(
  |         "unhandled errors in a TaskGroup", self._exceptions
  |     ) from None
  | ExceptionGroup: unhandled errors in a TaskGroup (1 sub-exception)
  +-+---------------- 1 ----------------
    | Traceback (most recent call last):
    |   File "/home/avinash/.local/share/virtualenvs/backend-xmz3RLxt/lib/python3.13/site-packages/uvicorn/protocols/http/h11_impl.py", line 403, in run_asgi
    |     result = await app(  # type: ignore[func-returns-value]
    |              ^^^^^^^^^^^^^^^^^^^^^^^^^^^^^^^^^^^^^^^^^^^^^^
    |         self.scope, self.receive, self.send
    |         ^^^^^^^^^^^^^^^^^^^^^^^^^^^^^^^^^^^
    |     )
    |     ^
    |   File "/home/avinash/.local/share/virtualenvs/backend-xmz3RLxt/lib/python3.13/site-packages/uvicorn/middleware/proxy_headers.py", line 60, in __call__
    |     return await self.app(scope, receive, send)
    |            ^^^^^^^^^^^^^^^^^^^^^^^^^^^^^^^^^^^^
    |   File "/home/avinash/.local/share/virtualenvs/backend-xmz3RLxt/lib/python3.13/site-packages/fastapi/applications.py", line 1054, in __call__
    |     await super().__call__(scope, receive, send)
    |   File "/home/avinash/.local/share/virtualenvs/backend-xmz3RLxt/lib/python3.13/site-packages/starlette/applications.py", line 112, in __call__
    |     await self.middleware_stack(scope, receive, send)
    |   File "/home/avinash/.local/share/virtualenvs/backend-xmz3RLxt/lib/python3.13/site-packages/starlette/middleware/errors.py", line 187, in __call__
    |     raise exc
    |   File "/home/avinash/.local/share/virtualenvs/backend-xmz3RLxt/lib/python3.13/site-packages/starlette/middleware/errors.py", line 165, in __call__
    |     await self.app(scope, receive, _send)
    |   File "/home/avinash/.local/share/virtualenvs/backend-xmz3RLxt/lib/python3.13/site-packages/starlette/middleware/cors.py", line 93, in __call__
    |     await self.simple_response(scope, receive, send, request_headers=headers)
    |   File "/home/avinash/.local/share/virtualenvs/backend-xmz3RLxt/lib/python3.13/site-packages/starlette/middleware/cors.py", line 144, in simple_response
    |     await self.app(scope, receive, send)
    |   File "/home/avinash/.local/share/virtualenvs/backend-xmz3RLxt/lib/python3.13/site-packages/starlette/middleware/base.py", line 176, in __call__
    |     with recv_stream, send_stream, collapse_excgroups():
    |                                    ~~~~~~~~~~~~~~~~~~^^
    |   File "/usr/lib/python3.13/contextlib.py", line 162, in __exit__
    |     self.gen.throw(value)
    |     ~~~~~~~~~~~~~~^^^^^^^
    |   File "/home/avinash/.local/share/virtualenvs/backend-xmz3RLxt/lib/python3.13/site-packages/starlette/_utils.py", line 82, in collapse_excgroups
    |     raise exc
    |   File "/home/avinash/.local/share/virtualenvs/backend-xmz3RLxt/lib/python3.13/site-packages/starlette/middleware/base.py", line 178, in __call__
    |     response = await self.dispatch_func(request, call_next)
    |                ^^^^^^^^^^^^^^^^^^^^^^^^^^^^^^^^^^^^^^^^^^^^
    |   File "/home/avinash/Desktop/workspace/personal/todo-webapp-with-timer/backend/utility/middlewares.py", line 19, in dispatch
    |     response: Response = await call_next(request)
    |                          ^^^^^^^^^^^^^^^^^^^^^^^^
    |   File "/home/avinash/.local/share/virtualenvs/backend-xmz3RLxt/lib/python3.13/site-packages/starlette/middleware/base.py", line 156, in call_next
    |     raise app_exc
    |   File "/home/avinash/.local/share/virtualenvs/backend-xmz3RLxt/lib/python3.13/site-packages/starlette/middleware/base.py", line 141, in coro
    |     await self.app(scope, receive_or_disconnect, send_no_error)
    |   File "/home/avinash/.local/share/virtualenvs/backend-xmz3RLxt/lib/python3.13/site-packages/starlette/middleware/exceptions.py", line 62, in __call__
    |     await wrap_app_handling_exceptions(self.app, conn)(scope, receive, send)
    |   File "/home/avinash/.local/share/virtualenvs/backend-xmz3RLxt/lib/python3.13/site-packages/starlette/_exception_handler.py", line 53, in wrapped_app
    |     raise exc
    |   File "/home/avinash/.local/share/virtualenvs/backend-xmz3RLxt/lib/python3.13/site-packages/starlette/_exception_handler.py", line 42, in wrapped_app
    |     await app(scope, receive, sender)
    |   File "/home/avinash/.local/share/virtualenvs/backend-xmz3RLxt/lib/python3.13/site-packages/starlette/routing.py", line 714, in __call__
    |     await self.middleware_stack(scope, receive, send)
    |   File "/home/avinash/.local/share/virtualenvs/backend-xmz3RLxt/lib/python3.13/site-packages/starlette/routing.py", line 734, in app
    |     await route.handle(scope, receive, send)
    |   File "/home/avinash/.local/share/virtualenvs/backend-xmz3RLxt/lib/python3.13/site-packages/starlette/routing.py", line 288, in handle
    |     await self.app(scope, receive, send)
    |   File "/home/avinash/.local/share/virtualenvs/backend-xmz3RLxt/lib/python3.13/site-packages/starlette/routing.py", line 76, in app
    |     await wrap_app_handling_exceptions(app, request)(scope, receive, send)
    |   File "/home/avinash/.local/share/virtualenvs/backend-xmz3RLxt/lib/python3.13/site-packages/starlette/_exception_handler.py", line 53, in wrapped_app
    |     raise exc
    |   File "/home/avinash/.local/share/virtualenvs/backend-xmz3RLxt/lib/python3.13/site-packages/starlette/_exception_handler.py", line 42, in wrapped_app
    |     await app(scope, receive, sender)
    |   File "/home/avinash/.local/share/virtualenvs/backend-xmz3RLxt/lib/python3.13/site-packages/starlette/routing.py", line 73, in app
    |     response = await f(request)
    |                ^^^^^^^^^^^^^^^^
    |   File "/home/avinash/.local/share/virtualenvs/backend-xmz3RLxt/lib/python3.13/site-packages/fastapi/routing.py", line 327, in app
    |     content = await serialize_response(
    |               ^^^^^^^^^^^^^^^^^^^^^^^^^
    |     ...<9 lines>...
    |     )
    |     ^
    |   File "/home/avinash/.local/share/virtualenvs/backend-xmz3RLxt/lib/python3.13/site-packages/fastapi/routing.py", line 181, in serialize_response
    |     return field.serialize(
    |            ~~~~~~~~~~~~~~~^
    |         value,
    |         ^^^^^^
    |     ...<5 lines>...
    |         exclude_none=exclude_none,
    |         ^^^^^^^^^^^^^^^^^^^^^^^^^^
    |     )
    |     ^
    |   File "/home/avinash/.local/share/virtualenvs/backend-xmz3RLxt/lib/python3.13/site-packages/fastapi/_compat.py", line 151, in serialize
    |     return self._type_adapter.dump_python(
    |            ~~~~~~~~~~~~~~~~~~~~~~~~~~~~~~^
    |         value,
    |         ^^^^^^
    |     ...<6 lines>...
    |         exclude_none=exclude_none,
    |         ^^^^^^^^^^^^^^^^^^^^^^^^^^
    |     )
    |     ^
    |   File "/home/avinash/.local/share/virtualenvs/backend-xmz3RLxt/lib/python3.13/site-packages/pydantic/type_adapter.py", line 572, in dump_python
    |     return self.serializer.to_python(
    |            ~~~~~~~~~~~~~~~~~~~~~~~~~^
    |         instance,
    |         ^^^^^^^^^
    |     ...<11 lines>...
    |         context=context,
    |         ^^^^^^^^^^^^^^^^
    |     )
    |     ^
    | pydantic_core._pydantic_core.PydanticSerializationError: Unable to serialize unknown type: <class 'coroutine'>
    +------------------------------------

During handling of the above exception, another exception occurred:

Traceback (most recent call last):
  File "/home/avinash/.local/share/virtualenvs/backend-xmz3RLxt/lib/python3.13/site-packages/uvicorn/protocols/http/h11_impl.py", line 403, in run_asgi
    result = await app(  # type: ignore[func-returns-value]
             ^^^^^^^^^^^^^^^^^^^^^^^^^^^^^^^^^^^^^^^^^^^^^^
        self.scope, self.receive, self.send
        ^^^^^^^^^^^^^^^^^^^^^^^^^^^^^^^^^^^
    )
    ^
  File "/home/avinash/.local/share/virtualenvs/backend-xmz3RLxt/lib/python3.13/site-packages/uvicorn/middleware/proxy_headers.py", line 60, in __call__
    return await self.app(scope, receive, send)
           ^^^^^^^^^^^^^^^^^^^^^^^^^^^^^^^^^^^^
  File "/home/avinash/.local/share/virtualenvs/backend-xmz3RLxt/lib/python3.13/site-packages/fastapi/applications.py", line 1054, in __call__
    await super().__call__(scope, receive, send)
  File "/home/avinash/.local/share/virtualenvs/backend-xmz3RLxt/lib/python3.13/site-packages/starlette/applications.py", line 112, in __call__
    await self.middleware_stack(scope, receive, send)
  File "/home/avinash/.local/share/virtualenvs/backend-xmz3RLxt/lib/python3.13/site-packages/starlette/middleware/errors.py", line 187, in __call__
    raise exc
  File "/home/avinash/.local/share/virtualenvs/backend-xmz3RLxt/lib/python3.13/site-packages/starlette/middleware/errors.py", line 165, in __call__
    await self.app(scope, receive, _send)
  File "/home/avinash/.local/share/virtualenvs/backend-xmz3RLxt/lib/python3.13/site-packages/starlette/middleware/cors.py", line 93, in __call__
    await self.simple_response(scope, receive, send, request_headers=headers)
  File "/home/avinash/.local/share/virtualenvs/backend-xmz3RLxt/lib/python3.13/site-packages/starlette/middleware/cors.py", line 144, in simple_response
    await self.app(scope, receive, send)
  File "/home/avinash/.local/share/virtualenvs/backend-xmz3RLxt/lib/python3.13/site-packages/starlette/middleware/base.py", line 176, in __call__
    with recv_stream, send_stream, collapse_excgroups():
                                   ~~~~~~~~~~~~~~~~~~^^
  File "/usr/lib/python3.13/contextlib.py", line 162, in __exit__
    self.gen.throw(value)
    ~~~~~~~~~~~~~~^^^^^^^
  File "/home/avinash/.local/share/virtualenvs/backend-xmz3RLxt/lib/python3.13/site-packages/starlette/_utils.py", line 82, in collapse_excgroups
    raise exc
  File "/home/avinash/.local/share/virtualenvs/backend-xmz3RLxt/lib/python3.13/site-packages/starlette/middleware/base.py", line 178, in __call__
    response = await self.dispatch_func(request, call_next)
               ^^^^^^^^^^^^^^^^^^^^^^^^^^^^^^^^^^^^^^^^^^^^
  File "/home/avinash/Desktop/workspace/personal/todo-webapp-with-timer/backend/utility/middlewares.py", line 19, in dispatch
    response: Response = await call_next(request)
                         ^^^^^^^^^^^^^^^^^^^^^^^^
  File "/home/avinash/.local/share/virtualenvs/backend-xmz3RLxt/lib/python3.13/site-packages/starlette/middleware/base.py", line 156, in call_next
    raise app_exc
  File "/home/avinash/.local/share/virtualenvs/backend-xmz3RLxt/lib/python3.13/site-packages/starlette/middleware/base.py", line 141, in coro
    await self.app(scope, receive_or_disconnect, send_no_error)
  File "/home/avinash/.local/share/virtualenvs/backend-xmz3RLxt/lib/python3.13/site-packages/starlette/middleware/exceptions.py", line 62, in __call__
    await wrap_app_handling_exceptions(self.app, conn)(scope, receive, send)
  File "/home/avinash/.local/share/virtualenvs/backend-xmz3RLxt/lib/python3.13/site-packages/starlette/_exception_handler.py", line 53, in wrapped_app
    raise exc
  File "/home/avinash/.local/share/virtualenvs/backend-xmz3RLxt/lib/python3.13/site-packages/starlette/_exception_handler.py", line 42, in wrapped_app
    await app(scope, receive, sender)
  File "/home/avinash/.local/share/virtualenvs/backend-xmz3RLxt/lib/python3.13/site-packages/starlette/routing.py", line 714, in __call__
    await self.middleware_stack(scope, receive, send)
  File "/home/avinash/.local/share/virtualenvs/backend-xmz3RLxt/lib/python3.13/site-packages/starlette/routing.py", line 734, in app
    await route.handle(scope, receive, send)
  File "/home/avinash/.local/share/virtualenvs/backend-xmz3RLxt/lib/python3.13/site-packages/starlette/routing.py", line 288, in handle
    await self.app(scope, receive, send)
  File "/home/avinash/.local/share/virtualenvs/backend-xmz3RLxt/lib/python3.13/site-packages/starlette/routing.py", line 76, in app
    await wrap_app_handling_exceptions(app, request)(scope, receive, send)
  File "/home/avinash/.local/share/virtualenvs/backend-xmz3RLxt/lib/python3.13/site-packages/starlette/_exception_handler.py", line 53, in wrapped_app
    raise exc
  File "/home/avinash/.local/share/virtualenvs/backend-xmz3RLxt/lib/python3.13/site-packages/starlette/_exception_handler.py", line 42, in wrapped_app
    await app(scope, receive, sender)
  File "/home/avinash/.local/share/virtualenvs/backend-xmz3RLxt/lib/python3.13/site-packages/starlette/routing.py", line 73, in app
    response = await f(request)
               ^^^^^^^^^^^^^^^^
  File "/home/avinash/.local/share/virtualenvs/backend-xmz3RLxt/lib/python3.13/site-packages/fastapi/routing.py", line 327, in app
    content = await serialize_response(
              ^^^^^^^^^^^^^^^^^^^^^^^^^
    ...<9 lines>...
    )
    ^
  File "/home/avinash/.local/share/virtualenvs/backend-xmz3RLxt/lib/python3.13/site-packages/fastapi/routing.py", line 181, in serialize_response
    return field.serialize(
           ~~~~~~~~~~~~~~~^
        value,
        ^^^^^^
    ...<5 lines>...
        exclude_none=exclude_none,
        ^^^^^^^^^^^^^^^^^^^^^^^^^^
    )
    ^
  File "/home/avinash/.local/share/virtualenvs/backend-xmz3RLxt/lib/python3.13/site-packages/fastapi/_compat.py", line 151, in serialize
    return self._type_adapter.dump_python(
           ~~~~~~~~~~~~~~~~~~~~~~~~~~~~~~^
        value,
        ^^^^^^
    ...<6 lines>...
        exclude_none=exclude_none,
        ^^^^^^^^^^^^^^^^^^^^^^^^^^
    )
    ^
  File "/home/avinash/.local/share/virtualenvs/backend-xmz3RLxt/lib/python3.13/site-packages/pydantic/type_adapter.py", line 572, in dump_python
    return self.serializer.to_python(
           ~~~~~~~~~~~~~~~~~~~~~~~~~^
        instance,
        ^^^^^^^^^
    ...<11 lines>...
        context=context,
        ^^^^^^^^^^^^^^^^
    )
    ^
pydantic_core._pydantic_core.PydanticSerializationError: Unable to serialize unknown type: <class 'coroutine'>
[2025-06-29 08:51:05] INFO - Request: GET /tasks - Body: None
INFO:     127.0.0.1:36294 - "GET /tasks HTTP/1.1" 500 Internal Server Error
ERROR:    Exception in ASGI application
  + Exception Group Traceback (most recent call last):
  |   File "/home/avinash/.local/share/virtualenvs/backend-xmz3RLxt/lib/python3.13/site-packages/starlette/_utils.py", line 76, in collapse_excgroups
  |     yield
  |   File "/home/avinash/.local/share/virtualenvs/backend-xmz3RLxt/lib/python3.13/site-packages/starlette/middleware/base.py", line 177, in __call__
  |     async with anyio.create_task_group() as task_group:
  |                ~~~~~~~~~~~~~~~~~~~~~~~^^
  |   File "/home/avinash/.local/share/virtualenvs/backend-xmz3RLxt/lib/python3.13/site-packages/anyio/_backends/_asyncio.py", line 772, in __aexit__
  |     raise BaseExceptionGroup(
  |         "unhandled errors in a TaskGroup", self._exceptions
  |     ) from None
  | ExceptionGroup: unhandled errors in a TaskGroup (1 sub-exception)
  +-+---------------- 1 ----------------
    | Traceback (most recent call last):
    |   File "/home/avinash/.local/share/virtualenvs/backend-xmz3RLxt/lib/python3.13/site-packages/uvicorn/protocols/http/h11_impl.py", line 403, in run_asgi
    |     result = await app(  # type: ignore[func-returns-value]
    |              ^^^^^^^^^^^^^^^^^^^^^^^^^^^^^^^^^^^^^^^^^^^^^^
    |         self.scope, self.receive, self.send
    |         ^^^^^^^^^^^^^^^^^^^^^^^^^^^^^^^^^^^
    |     )
    |     ^
    |   File "/home/avinash/.local/share/virtualenvs/backend-xmz3RLxt/lib/python3.13/site-packages/uvicorn/middleware/proxy_headers.py", line 60, in __call__
    |     return await self.app(scope, receive, send)
    |            ^^^^^^^^^^^^^^^^^^^^^^^^^^^^^^^^^^^^
    |   File "/home/avinash/.local/share/virtualenvs/backend-xmz3RLxt/lib/python3.13/site-packages/fastapi/applications.py", line 1054, in __call__
    |     await super().__call__(scope, receive, send)
    |   File "/home/avinash/.local/share/virtualenvs/backend-xmz3RLxt/lib/python3.13/site-packages/starlette/applications.py", line 112, in __call__
    |     await self.middleware_stack(scope, receive, send)
    |   File "/home/avinash/.local/share/virtualenvs/backend-xmz3RLxt/lib/python3.13/site-packages/starlette/middleware/errors.py", line 187, in __call__
    |     raise exc
    |   File "/home/avinash/.local/share/virtualenvs/backend-xmz3RLxt/lib/python3.13/site-packages/starlette/middleware/errors.py", line 165, in __call__
    |     await self.app(scope, receive, _send)
    |   File "/home/avinash/.local/share/virtualenvs/backend-xmz3RLxt/lib/python3.13/site-packages/starlette/middleware/cors.py", line 93, in __call__
    |     await self.simple_response(scope, receive, send, request_headers=headers)
    |   File "/home/avinash/.local/share/virtualenvs/backend-xmz3RLxt/lib/python3.13/site-packages/starlette/middleware/cors.py", line 144, in simple_response
    |     await self.app(scope, receive, send)
    |   File "/home/avinash/.local/share/virtualenvs/backend-xmz3RLxt/lib/python3.13/site-packages/starlette/middleware/base.py", line 176, in __call__
    |     with recv_stream, send_stream, collapse_excgroups():
    |                                    ~~~~~~~~~~~~~~~~~~^^
    |   File "/usr/lib/python3.13/contextlib.py", line 162, in __exit__
    |     self.gen.throw(value)
    |     ~~~~~~~~~~~~~~^^^^^^^
    |   File "/home/avinash/.local/share/virtualenvs/backend-xmz3RLxt/lib/python3.13/site-packages/starlette/_utils.py", line 82, in collapse_excgroups
    |     raise exc
    |   File "/home/avinash/.local/share/virtualenvs/backend-xmz3RLxt/lib/python3.13/site-packages/starlette/middleware/base.py", line 178, in __call__
    |     response = await self.dispatch_func(request, call_next)
    |                ^^^^^^^^^^^^^^^^^^^^^^^^^^^^^^^^^^^^^^^^^^^^
    |   File "/home/avinash/Desktop/workspace/personal/todo-webapp-with-timer/backend/utility/middlewares.py", line 19, in dispatch
    |     response: Response = await call_next(request)
    |                          ^^^^^^^^^^^^^^^^^^^^^^^^
    |   File "/home/avinash/.local/share/virtualenvs/backend-xmz3RLxt/lib/python3.13/site-packages/starlette/middleware/base.py", line 156, in call_next
    |     raise app_exc
    |   File "/home/avinash/.local/share/virtualenvs/backend-xmz3RLxt/lib/python3.13/site-packages/starlette/middleware/base.py", line 141, in coro
    |     await self.app(scope, receive_or_disconnect, send_no_error)
    |   File "/home/avinash/.local/share/virtualenvs/backend-xmz3RLxt/lib/python3.13/site-packages/starlette/middleware/exceptions.py", line 62, in __call__
    |     await wrap_app_handling_exceptions(self.app, conn)(scope, receive, send)
    |   File "/home/avinash/.local/share/virtualenvs/backend-xmz3RLxt/lib/python3.13/site-packages/starlette/_exception_handler.py", line 53, in wrapped_app
    |     raise exc
    |   File "/home/avinash/.local/share/virtualenvs/backend-xmz3RLxt/lib/python3.13/site-packages/starlette/_exception_handler.py", line 42, in wrapped_app
    |     await app(scope, receive, sender)
    |   File "/home/avinash/.local/share/virtualenvs/backend-xmz3RLxt/lib/python3.13/site-packages/starlette/routing.py", line 714, in __call__
    |     await self.middleware_stack(scope, receive, send)
    |   File "/home/avinash/.local/share/virtualenvs/backend-xmz3RLxt/lib/python3.13/site-packages/starlette/routing.py", line 734, in app
    |     await route.handle(scope, receive, send)
    |   File "/home/avinash/.local/share/virtualenvs/backend-xmz3RLxt/lib/python3.13/site-packages/starlette/routing.py", line 288, in handle
    |     await self.app(scope, receive, send)
    |   File "/home/avinash/.local/share/virtualenvs/backend-xmz3RLxt/lib/python3.13/site-packages/starlette/routing.py", line 76, in app
    |     await wrap_app_handling_exceptions(app, request)(scope, receive, send)
    |   File "/home/avinash/.local/share/virtualenvs/backend-xmz3RLxt/lib/python3.13/site-packages/starlette/_exception_handler.py", line 53, in wrapped_app
    |     raise exc
    |   File "/home/avinash/.local/share/virtualenvs/backend-xmz3RLxt/lib/python3.13/site-packages/starlette/_exception_handler.py", line 42, in wrapped_app
    |     await app(scope, receive, sender)
    |   File "/home/avinash/.local/share/virtualenvs/backend-xmz3RLxt/lib/python3.13/site-packages/starlette/routing.py", line 73, in app
    |     response = await f(request)
    |                ^^^^^^^^^^^^^^^^
    |   File "/home/avinash/.local/share/virtualenvs/backend-xmz3RLxt/lib/python3.13/site-packages/fastapi/routing.py", line 327, in app
    |     content = await serialize_response(
    |               ^^^^^^^^^^^^^^^^^^^^^^^^^
    |     ...<9 lines>...
    |     )
    |     ^
    |   File "/home/avinash/.local/share/virtualenvs/backend-xmz3RLxt/lib/python3.13/site-packages/fastapi/routing.py", line 181, in serialize_response
    |     return field.serialize(
    |            ~~~~~~~~~~~~~~~^
    |         value,
    |         ^^^^^^
    |     ...<5 lines>...
    |         exclude_none=exclude_none,
    |         ^^^^^^^^^^^^^^^^^^^^^^^^^^
    |     )
    |     ^
    |   File "/home/avinash/.local/share/virtualenvs/backend-xmz3RLxt/lib/python3.13/site-packages/fastapi/_compat.py", line 151, in serialize
    |     return self._type_adapter.dump_python(
    |            ~~~~~~~~~~~~~~~~~~~~~~~~~~~~~~^
    |         value,
    |         ^^^^^^
    |     ...<6 lines>...
    |         exclude_none=exclude_none,
    |         ^^^^^^^^^^^^^^^^^^^^^^^^^^
    |     )
    |     ^
    |   File "/home/avinash/.local/share/virtualenvs/backend-xmz3RLxt/lib/python3.13/site-packages/pydantic/type_adapter.py", line 572, in dump_python
    |     return self.serializer.to_python(
    |            ~~~~~~~~~~~~~~~~~~~~~~~~~^
    |         instance,
    |         ^^^^^^^^^
    |     ...<11 lines>...
    |         context=context,
    |         ^^^^^^^^^^^^^^^^
    |     )
    |     ^
    | pydantic_core._pydantic_core.PydanticSerializationError: Unable to serialize unknown type: <class 'coroutine'>
    +------------------------------------

During handling of the above exception, another exception occurred:

Traceback (most recent call last):
  File "/home/avinash/.local/share/virtualenvs/backend-xmz3RLxt/lib/python3.13/site-packages/uvicorn/protocols/http/h11_impl.py", line 403, in run_asgi
    result = await app(  # type: ignore[func-returns-value]
             ^^^^^^^^^^^^^^^^^^^^^^^^^^^^^^^^^^^^^^^^^^^^^^
        self.scope, self.receive, self.send
        ^^^^^^^^^^^^^^^^^^^^^^^^^^^^^^^^^^^
    )
    ^
  File "/home/avinash/.local/share/virtualenvs/backend-xmz3RLxt/lib/python3.13/site-packages/uvicorn/middleware/proxy_headers.py", line 60, in __call__
    return await self.app(scope, receive, send)
           ^^^^^^^^^^^^^^^^^^^^^^^^^^^^^^^^^^^^
  File "/home/avinash/.local/share/virtualenvs/backend-xmz3RLxt/lib/python3.13/site-packages/fastapi/applications.py", line 1054, in __call__
    await super().__call__(scope, receive, send)
  File "/home/avinash/.local/share/virtualenvs/backend-xmz3RLxt/lib/python3.13/site-packages/starlette/applications.py", line 112, in __call__
    await self.middleware_stack(scope, receive, send)
  File "/home/avinash/.local/share/virtualenvs/backend-xmz3RLxt/lib/python3.13/site-packages/starlette/middleware/errors.py", line 187, in __call__
    raise exc
  File "/home/avinash/.local/share/virtualenvs/backend-xmz3RLxt/lib/python3.13/site-packages/starlette/middleware/errors.py", line 165, in __call__
    await self.app(scope, receive, _send)
  File "/home/avinash/.local/share/virtualenvs/backend-xmz3RLxt/lib/python3.13/site-packages/starlette/middleware/cors.py", line 93, in __call__
    await self.simple_response(scope, receive, send, request_headers=headers)
  File "/home/avinash/.local/share/virtualenvs/backend-xmz3RLxt/lib/python3.13/site-packages/starlette/middleware/cors.py", line 144, in simple_response
    await self.app(scope, receive, send)
  File "/home/avinash/.local/share/virtualenvs/backend-xmz3RLxt/lib/python3.13/site-packages/starlette/middleware/base.py", line 176, in __call__
    with recv_stream, send_stream, collapse_excgroups():
                                   ~~~~~~~~~~~~~~~~~~^^
  File "/usr/lib/python3.13/contextlib.py", line 162, in __exit__
    self.gen.throw(value)
    ~~~~~~~~~~~~~~^^^^^^^
  File "/home/avinash/.local/share/virtualenvs/backend-xmz3RLxt/lib/python3.13/site-packages/starlette/_utils.py", line 82, in collapse_excgroups
    raise exc
  File "/home/avinash/.local/share/virtualenvs/backend-xmz3RLxt/lib/python3.13/site-packages/starlette/middleware/base.py", line 178, in __call__
    response = await self.dispatch_func(request, call_next)
               ^^^^^^^^^^^^^^^^^^^^^^^^^^^^^^^^^^^^^^^^^^^^
  File "/home/avinash/Desktop/workspace/personal/todo-webapp-with-timer/backend/utility/middlewares.py", line 19, in dispatch
    response: Response = await call_next(request)
                         ^^^^^^^^^^^^^^^^^^^^^^^^
  File "/home/avinash/.local/share/virtualenvs/backend-xmz3RLxt/lib/python3.13/site-packages/starlette/middleware/base.py", line 156, in call_next
    raise app_exc
  File "/home/avinash/.local/share/virtualenvs/backend-xmz3RLxt/lib/python3.13/site-packages/starlette/middleware/base.py", line 141, in coro
    await self.app(scope, receive_or_disconnect, send_no_error)
  File "/home/avinash/.local/share/virtualenvs/backend-xmz3RLxt/lib/python3.13/site-packages/starlette/middleware/exceptions.py", line 62, in __call__
    await wrap_app_handling_exceptions(self.app, conn)(scope, receive, send)
  File "/home/avinash/.local/share/virtualenvs/backend-xmz3RLxt/lib/python3.13/site-packages/starlette/_exception_handler.py", line 53, in wrapped_app
    raise exc
  File "/home/avinash/.local/share/virtualenvs/backend-xmz3RLxt/lib/python3.13/site-packages/starlette/_exception_handler.py", line 42, in wrapped_app
    await app(scope, receive, sender)
  File "/home/avinash/.local/share/virtualenvs/backend-xmz3RLxt/lib/python3.13/site-packages/starlette/routing.py", line 714, in __call__
    await self.middleware_stack(scope, receive, send)
  File "/home/avinash/.local/share/virtualenvs/backend-xmz3RLxt/lib/python3.13/site-packages/starlette/routing.py", line 734, in app
    await route.handle(scope, receive, send)
  File "/home/avinash/.local/share/virtualenvs/backend-xmz3RLxt/lib/python3.13/site-packages/starlette/routing.py", line 288, in handle
    await self.app(scope, receive, send)
  File "/home/avinash/.local/share/virtualenvs/backend-xmz3RLxt/lib/python3.13/site-packages/starlette/routing.py", line 76, in app
    await wrap_app_handling_exceptions(app, request)(scope, receive, send)
  File "/home/avinash/.local/share/virtualenvs/backend-xmz3RLxt/lib/python3.13/site-packages/starlette/_exception_handler.py", line 53, in wrapped_app
    raise exc
  File "/home/avinash/.local/share/virtualenvs/backend-xmz3RLxt/lib/python3.13/site-packages/starlette/_exception_handler.py", line 42, in wrapped_app
    await app(scope, receive, sender)
  File "/home/avinash/.local/share/virtualenvs/backend-xmz3RLxt/lib/python3.13/site-packages/starlette/routing.py", line 73, in app
    response = await f(request)
               ^^^^^^^^^^^^^^^^
  File "/home/avinash/.local/share/virtualenvs/backend-xmz3RLxt/lib/python3.13/site-packages/fastapi/routing.py", line 327, in app
    content = await serialize_response(
              ^^^^^^^^^^^^^^^^^^^^^^^^^
    ...<9 lines>...
    )
    ^
  File "/home/avinash/.local/share/virtualenvs/backend-xmz3RLxt/lib/python3.13/site-packages/fastapi/routing.py", line 181, in serialize_response
    return field.serialize(
           ~~~~~~~~~~~~~~~^
        value,
        ^^^^^^
    ...<5 lines>...
        exclude_none=exclude_none,
        ^^^^^^^^^^^^^^^^^^^^^^^^^^
    )
    ^
  File "/home/avinash/.local/share/virtualenvs/backend-xmz3RLxt/lib/python3.13/site-packages/fastapi/_compat.py", line 151, in serialize
    return self._type_adapter.dump_python(
           ~~~~~~~~~~~~~~~~~~~~~~~~~~~~~~^
        value,
        ^^^^^^
    ...<6 lines>...
        exclude_none=exclude_none,
        ^^^^^^^^^^^^^^^^^^^^^^^^^^
    )
    ^
  File "/home/avinash/.local/share/virtualenvs/backend-xmz3RLxt/lib/python3.13/site-packages/pydantic/type_adapter.py", line 572, in dump_python
    return self.serializer.to_python(
           ~~~~~~~~~~~~~~~~~~~~~~~~~^
        instance,
        ^^^^^^^^^
    ...<11 lines>...
        context=context,
        ^^^^^^^^^^^^^^^^
    )
    ^
pydantic_core._pydantic_core.PydanticSerializationError: Unable to serialize unknown type: <class 'coroutine'>
[2025-06-29 08:51:09] INFO - Request: GET /tasks - Body: None
INFO:     127.0.0.1:44054 - "GET /tasks HTTP/1.1" 500 Internal Server Error
ERROR:    Exception in ASGI application
  + Exception Group Traceback (most recent call last):
  |   File "/home/avinash/.local/share/virtualenvs/backend-xmz3RLxt/lib/python3.13/site-packages/starlette/_utils.py", line 76, in collapse_excgroups
  |     yield
  |   File "/home/avinash/.local/share/virtualenvs/backend-xmz3RLxt/lib/python3.13/site-packages/starlette/middleware/base.py", line 177, in __call__
  |     async with anyio.create_task_group() as task_group:
  |                ~~~~~~~~~~~~~~~~~~~~~~~^^
  |   File "/home/avinash/.local/share/virtualenvs/backend-xmz3RLxt/lib/python3.13/site-packages/anyio/_backends/_asyncio.py", line 772, in __aexit__
  |     raise BaseExceptionGroup(
  |         "unhandled errors in a TaskGroup", self._exceptions
  |     ) from None
  | ExceptionGroup: unhandled errors in a TaskGroup (1 sub-exception)
  +-+---------------- 1 ----------------
    | Traceback (most recent call last):
    |   File "/home/avinash/.local/share/virtualenvs/backend-xmz3RLxt/lib/python3.13/site-packages/uvicorn/protocols/http/h11_impl.py", line 403, in run_asgi
    |     result = await app(  # type: ignore[func-returns-value]
    |              ^^^^^^^^^^^^^^^^^^^^^^^^^^^^^^^^^^^^^^^^^^^^^^
    |         self.scope, self.receive, self.send
    |         ^^^^^^^^^^^^^^^^^^^^^^^^^^^^^^^^^^^
    |     )
    |     ^
    |   File "/home/avinash/.local/share/virtualenvs/backend-xmz3RLxt/lib/python3.13/site-packages/uvicorn/middleware/proxy_headers.py", line 60, in __call__
    |     return await self.app(scope, receive, send)
    |            ^^^^^^^^^^^^^^^^^^^^^^^^^^^^^^^^^^^^
    |   File "/home/avinash/.local/share/virtualenvs/backend-xmz3RLxt/lib/python3.13/site-packages/fastapi/applications.py", line 1054, in __call__
    |     await super().__call__(scope, receive, send)
    |   File "/home/avinash/.local/share/virtualenvs/backend-xmz3RLxt/lib/python3.13/site-packages/starlette/applications.py", line 112, in __call__
    |     await self.middleware_stack(scope, receive, send)
    |   File "/home/avinash/.local/share/virtualenvs/backend-xmz3RLxt/lib/python3.13/site-packages/starlette/middleware/errors.py", line 187, in __call__
    |     raise exc
    |   File "/home/avinash/.local/share/virtualenvs/backend-xmz3RLxt/lib/python3.13/site-packages/starlette/middleware/errors.py", line 165, in __call__
    |     await self.app(scope, receive, _send)
    |   File "/home/avinash/.local/share/virtualenvs/backend-xmz3RLxt/lib/python3.13/site-packages/starlette/middleware/cors.py", line 93, in __call__
    |     await self.simple_response(scope, receive, send, request_headers=headers)
    |   File "/home/avinash/.local/share/virtualenvs/backend-xmz3RLxt/lib/python3.13/site-packages/starlette/middleware/cors.py", line 144, in simple_response
    |     await self.app(scope, receive, send)
    |   File "/home/avinash/.local/share/virtualenvs/backend-xmz3RLxt/lib/python3.13/site-packages/starlette/middleware/base.py", line 176, in __call__
    |     with recv_stream, send_stream, collapse_excgroups():
    |                                    ~~~~~~~~~~~~~~~~~~^^
    |   File "/usr/lib/python3.13/contextlib.py", line 162, in __exit__
    |     self.gen.throw(value)
    |     ~~~~~~~~~~~~~~^^^^^^^
    |   File "/home/avinash/.local/share/virtualenvs/backend-xmz3RLxt/lib/python3.13/site-packages/starlette/_utils.py", line 82, in collapse_excgroups
    |     raise exc
    |   File "/home/avinash/.local/share/virtualenvs/backend-xmz3RLxt/lib/python3.13/site-packages/starlette/middleware/base.py", line 178, in __call__
    |     response = await self.dispatch_func(request, call_next)
    |                ^^^^^^^^^^^^^^^^^^^^^^^^^^^^^^^^^^^^^^^^^^^^
    |   File "/home/avinash/Desktop/workspace/personal/todo-webapp-with-timer/backend/utility/middlewares.py", line 19, in dispatch
    |     response: Response = await call_next(request)
    |                          ^^^^^^^^^^^^^^^^^^^^^^^^
    |   File "/home/avinash/.local/share/virtualenvs/backend-xmz3RLxt/lib/python3.13/site-packages/starlette/middleware/base.py", line 156, in call_next
    |     raise app_exc
    |   File "/home/avinash/.local/share/virtualenvs/backend-xmz3RLxt/lib/python3.13/site-packages/starlette/middleware/base.py", line 141, in coro
    |     await self.app(scope, receive_or_disconnect, send_no_error)
    |   File "/home/avinash/.local/share/virtualenvs/backend-xmz3RLxt/lib/python3.13/site-packages/starlette/middleware/exceptions.py", line 62, in __call__
    |     await wrap_app_handling_exceptions(self.app, conn)(scope, receive, send)
    |   File "/home/avinash/.local/share/virtualenvs/backend-xmz3RLxt/lib/python3.13/site-packages/starlette/_exception_handler.py", line 53, in wrapped_app
    |     raise exc
    |   File "/home/avinash/.local/share/virtualenvs/backend-xmz3RLxt/lib/python3.13/site-packages/starlette/_exception_handler.py", line 42, in wrapped_app
    |     await app(scope, receive, sender)
    |   File "/home/avinash/.local/share/virtualenvs/backend-xmz3RLxt/lib/python3.13/site-packages/starlette/routing.py", line 714, in __call__
    |     await self.middleware_stack(scope, receive, send)
    |   File "/home/avinash/.local/share/virtualenvs/backend-xmz3RLxt/lib/python3.13/site-packages/starlette/routing.py", line 734, in app
    |     await route.handle(scope, receive, send)
    |   File "/home/avinash/.local/share/virtualenvs/backend-xmz3RLxt/lib/python3.13/site-packages/starlette/routing.py", line 288, in handle
    |     await self.app(scope, receive, send)
    |   File "/home/avinash/.local/share/virtualenvs/backend-xmz3RLxt/lib/python3.13/site-packages/starlette/routing.py", line 76, in app
    |     await wrap_app_handling_exceptions(app, request)(scope, receive, send)
    |   File "/home/avinash/.local/share/virtualenvs/backend-xmz3RLxt/lib/python3.13/site-packages/starlette/_exception_handler.py", line 53, in wrapped_app
    |     raise exc
    |   File "/home/avinash/.local/share/virtualenvs/backend-xmz3RLxt/lib/python3.13/site-packages/starlette/_exception_handler.py", line 42, in wrapped_app
    |     await app(scope, receive, sender)
    |   File "/home/avinash/.local/share/virtualenvs/backend-xmz3RLxt/lib/python3.13/site-packages/starlette/routing.py", line 73, in app
    |     response = await f(request)
    |                ^^^^^^^^^^^^^^^^
    |   File "/home/avinash/.local/share/virtualenvs/backend-xmz3RLxt/lib/python3.13/site-packages/fastapi/routing.py", line 327, in app
    |     content = await serialize_response(
    |               ^^^^^^^^^^^^^^^^^^^^^^^^^
    |     ...<9 lines>...
    |     )
    |     ^
    |   File "/home/avinash/.local/share/virtualenvs/backend-xmz3RLxt/lib/python3.13/site-packages/fastapi/routing.py", line 181, in serialize_response
    |     return field.serialize(
    |            ~~~~~~~~~~~~~~~^
    |         value,
    |         ^^^^^^
    |     ...<5 lines>...
    |         exclude_none=exclude_none,
    |         ^^^^^^^^^^^^^^^^^^^^^^^^^^
    |     )
    |     ^
    |   File "/home/avinash/.local/share/virtualenvs/backend-xmz3RLxt/lib/python3.13/site-packages/fastapi/_compat.py", line 151, in serialize
    |     return self._type_adapter.dump_python(
    |            ~~~~~~~~~~~~~~~~~~~~~~~~~~~~~~^
    |         value,
    |         ^^^^^^
    |     ...<6 lines>...
    |         exclude_none=exclude_none,
    |         ^^^^^^^^^^^^^^^^^^^^^^^^^^
    |     )
    |     ^
    |   File "/home/avinash/.local/share/virtualenvs/backend-xmz3RLxt/lib/python3.13/site-packages/pydantic/type_adapter.py", line 572, in dump_python
    |     return self.serializer.to_python(
    |            ~~~~~~~~~~~~~~~~~~~~~~~~~^
    |         instance,
    |         ^^^^^^^^^
    |     ...<11 lines>...
    |         context=context,
    |         ^^^^^^^^^^^^^^^^
    |     )
    |     ^
    | pydantic_core._pydantic_core.PydanticSerializationError: Unable to serialize unknown type: <class 'coroutine'>
    +------------------------------------

During handling of the above exception, another exception occurred:

Traceback (most recent call last):
  File "/home/avinash/.local/share/virtualenvs/backend-xmz3RLxt/lib/python3.13/site-packages/uvicorn/protocols/http/h11_impl.py", line 403, in run_asgi
    result = await app(  # type: ignore[func-returns-value]
             ^^^^^^^^^^^^^^^^^^^^^^^^^^^^^^^^^^^^^^^^^^^^^^
        self.scope, self.receive, self.send
        ^^^^^^^^^^^^^^^^^^^^^^^^^^^^^^^^^^^
    )
    ^
  File "/home/avinash/.local/share/virtualenvs/backend-xmz3RLxt/lib/python3.13/site-packages/uvicorn/middleware/proxy_headers.py", line 60, in __call__
    return await self.app(scope, receive, send)
           ^^^^^^^^^^^^^^^^^^^^^^^^^^^^^^^^^^^^
  File "/home/avinash/.local/share/virtualenvs/backend-xmz3RLxt/lib/python3.13/site-packages/fastapi/applications.py", line 1054, in __call__
    await super().__call__(scope, receive, send)
  File "/home/avinash/.local/share/virtualenvs/backend-xmz3RLxt/lib/python3.13/site-packages/starlette/applications.py", line 112, in __call__
    await self.middleware_stack(scope, receive, send)
  File "/home/avinash/.local/share/virtualenvs/backend-xmz3RLxt/lib/python3.13/site-packages/starlette/middleware/errors.py", line 187, in __call__
    raise exc
  File "/home/avinash/.local/share/virtualenvs/backend-xmz3RLxt/lib/python3.13/site-packages/starlette/middleware/errors.py", line 165, in __call__
    await self.app(scope, receive, _send)
  File "/home/avinash/.local/share/virtualenvs/backend-xmz3RLxt/lib/python3.13/site-packages/starlette/middleware/cors.py", line 93, in __call__
    await self.simple_response(scope, receive, send, request_headers=headers)
  File "/home/avinash/.local/share/virtualenvs/backend-xmz3RLxt/lib/python3.13/site-packages/starlette/middleware/cors.py", line 144, in simple_response
    await self.app(scope, receive, send)
  File "/home/avinash/.local/share/virtualenvs/backend-xmz3RLxt/lib/python3.13/site-packages/starlette/middleware/base.py", line 176, in __call__
    with recv_stream, send_stream, collapse_excgroups():
                                   ~~~~~~~~~~~~~~~~~~^^
  File "/usr/lib/python3.13/contextlib.py", line 162, in __exit__
    self.gen.throw(value)
    ~~~~~~~~~~~~~~^^^^^^^
  File "/home/avinash/.local/share/virtualenvs/backend-xmz3RLxt/lib/python3.13/site-packages/starlette/_utils.py", line 82, in collapse_excgroups
    raise exc
  File "/home/avinash/.local/share/virtualenvs/backend-xmz3RLxt/lib/python3.13/site-packages/starlette/middleware/base.py", line 178, in __call__
    response = await self.dispatch_func(request, call_next)
               ^^^^^^^^^^^^^^^^^^^^^^^^^^^^^^^^^^^^^^^^^^^^
  File "/home/avinash/Desktop/workspace/personal/todo-webapp-with-timer/backend/utility/middlewares.py", line 19, in dispatch
    response: Response = await call_next(request)
                         ^^^^^^^^^^^^^^^^^^^^^^^^
  File "/home/avinash/.local/share/virtualenvs/backend-xmz3RLxt/lib/python3.13/site-packages/starlette/middleware/base.py", line 156, in call_next
    raise app_exc
  File "/home/avinash/.local/share/virtualenvs/backend-xmz3RLxt/lib/python3.13/site-packages/starlette/middleware/base.py", line 141, in coro
    await self.app(scope, receive_or_disconnect, send_no_error)
  File "/home/avinash/.local/share/virtualenvs/backend-xmz3RLxt/lib/python3.13/site-packages/starlette/middleware/exceptions.py", line 62, in __call__
    await wrap_app_handling_exceptions(self.app, conn)(scope, receive, send)
  File "/home/avinash/.local/share/virtualenvs/backend-xmz3RLxt/lib/python3.13/site-packages/starlette/_exception_handler.py", line 53, in wrapped_app
    raise exc
  File "/home/avinash/.local/share/virtualenvs/backend-xmz3RLxt/lib/python3.13/site-packages/starlette/_exception_handler.py", line 42, in wrapped_app
    await app(scope, receive, sender)
  File "/home/avinash/.local/share/virtualenvs/backend-xmz3RLxt/lib/python3.13/site-packages/starlette/routing.py", line 714, in __call__
    await self.middleware_stack(scope, receive, send)
  File "/home/avinash/.local/share/virtualenvs/backend-xmz3RLxt/lib/python3.13/site-packages/starlette/routing.py", line 734, in app
    await route.handle(scope, receive, send)
  File "/home/avinash/.local/share/virtualenvs/backend-xmz3RLxt/lib/python3.13/site-packages/starlette/routing.py", line 288, in handle
    await self.app(scope, receive, send)
  File "/home/avinash/.local/share/virtualenvs/backend-xmz3RLxt/lib/python3.13/site-packages/starlette/routing.py", line 76, in app
    await wrap_app_handling_exceptions(app, request)(scope, receive, send)
  File "/home/avinash/.local/share/virtualenvs/backend-xmz3RLxt/lib/python3.13/site-packages/starlette/_exception_handler.py", line 53, in wrapped_app
    raise exc
  File "/home/avinash/.local/share/virtualenvs/backend-xmz3RLxt/lib/python3.13/site-packages/starlette/_exception_handler.py", line 42, in wrapped_app
    await app(scope, receive, sender)
  File "/home/avinash/.local/share/virtualenvs/backend-xmz3RLxt/lib/python3.13/site-packages/starlette/routing.py", line 73, in app
    response = await f(request)
               ^^^^^^^^^^^^^^^^
  File "/home/avinash/.local/share/virtualenvs/backend-xmz3RLxt/lib/python3.13/site-packages/fastapi/routing.py", line 327, in app
    content = await serialize_response(
              ^^^^^^^^^^^^^^^^^^^^^^^^^
    ...<9 lines>...
    )
    ^
  File "/home/avinash/.local/share/virtualenvs/backend-xmz3RLxt/lib/python3.13/site-packages/fastapi/routing.py", line 181, in serialize_response
    return field.serialize(
           ~~~~~~~~~~~~~~~^
        value,
        ^^^^^^
    ...<5 lines>...
        exclude_none=exclude_none,
        ^^^^^^^^^^^^^^^^^^^^^^^^^^
    )
    ^
  File "/home/avinash/.local/share/virtualenvs/backend-xmz3RLxt/lib/python3.13/site-packages/fastapi/_compat.py", line 151, in serialize
    return self._type_adapter.dump_python(
           ~~~~~~~~~~~~~~~~~~~~~~~~~~~~~~^
        value,
        ^^^^^^
    ...<6 lines>...
        exclude_none=exclude_none,
        ^^^^^^^^^^^^^^^^^^^^^^^^^^
    )
    ^
  File "/home/avinash/.local/share/virtualenvs/backend-xmz3RLxt/lib/python3.13/site-packages/pydantic/type_adapter.py", line 572, in dump_python
    return self.serializer.to_python(
           ~~~~~~~~~~~~~~~~~~~~~~~~~^
        instance,
        ^^^^^^^^^
    ...<11 lines>...
        context=context,
        ^^^^^^^^^^^^^^^^
    )
    ^
pydantic_core._pydantic_core.PydanticSerializationError: Unable to serialize unknown type: <class 'coroutine'>
[2025-06-29 08:51:12] INFO - Request: GET /tasks - Body: None
INFO:     127.0.0.1:44066 - "GET /tasks HTTP/1.1" 500 Internal Server Error
ERROR:    Exception in ASGI application
  + Exception Group Traceback (most recent call last):
  |   File "/home/avinash/.local/share/virtualenvs/backend-xmz3RLxt/lib/python3.13/site-packages/starlette/_utils.py", line 76, in collapse_excgroups
  |     yield
  |   File "/home/avinash/.local/share/virtualenvs/backend-xmz3RLxt/lib/python3.13/site-packages/starlette/middleware/base.py", line 177, in __call__
  |     async with anyio.create_task_group() as task_group:
  |                ~~~~~~~~~~~~~~~~~~~~~~~^^
  |   File "/home/avinash/.local/share/virtualenvs/backend-xmz3RLxt/lib/python3.13/site-packages/anyio/_backends/_asyncio.py", line 772, in __aexit__
  |     raise BaseExceptionGroup(
  |         "unhandled errors in a TaskGroup", self._exceptions
  |     ) from None
  | ExceptionGroup: unhandled errors in a TaskGroup (1 sub-exception)
  +-+---------------- 1 ----------------
    | Traceback (most recent call last):
    |   File "/home/avinash/.local/share/virtualenvs/backend-xmz3RLxt/lib/python3.13/site-packages/uvicorn/protocols/http/h11_impl.py", line 403, in run_asgi
    |     result = await app(  # type: ignore[func-returns-value]
    |              ^^^^^^^^^^^^^^^^^^^^^^^^^^^^^^^^^^^^^^^^^^^^^^
    |         self.scope, self.receive, self.send
    |         ^^^^^^^^^^^^^^^^^^^^^^^^^^^^^^^^^^^
    |     )
    |     ^
    |   File "/home/avinash/.local/share/virtualenvs/backend-xmz3RLxt/lib/python3.13/site-packages/uvicorn/middleware/proxy_headers.py", line 60, in __call__
    |     return await self.app(scope, receive, send)
    |            ^^^^^^^^^^^^^^^^^^^^^^^^^^^^^^^^^^^^
    |   File "/home/avinash/.local/share/virtualenvs/backend-xmz3RLxt/lib/python3.13/site-packages/fastapi/applications.py", line 1054, in __call__
    |     await super().__call__(scope, receive, send)
    |   File "/home/avinash/.local/share/virtualenvs/backend-xmz3RLxt/lib/python3.13/site-packages/starlette/applications.py", line 112, in __call__
    |     await self.middleware_stack(scope, receive, send)
    |   File "/home/avinash/.local/share/virtualenvs/backend-xmz3RLxt/lib/python3.13/site-packages/starlette/middleware/errors.py", line 187, in __call__
    |     raise exc
    |   File "/home/avinash/.local/share/virtualenvs/backend-xmz3RLxt/lib/python3.13/site-packages/starlette/middleware/errors.py", line 165, in __call__
    |     await self.app(scope, receive, _send)
    |   File "/home/avinash/.local/share/virtualenvs/backend-xmz3RLxt/lib/python3.13/site-packages/starlette/middleware/cors.py", line 85, in __call__
    |     await self.app(scope, receive, send)
    |   File "/home/avinash/.local/share/virtualenvs/backend-xmz3RLxt/lib/python3.13/site-packages/starlette/middleware/base.py", line 176, in __call__
    |     with recv_stream, send_stream, collapse_excgroups():
    |                                    ~~~~~~~~~~~~~~~~~~^^
    |   File "/usr/lib/python3.13/contextlib.py", line 162, in __exit__
    |     self.gen.throw(value)
    |     ~~~~~~~~~~~~~~^^^^^^^
    |   File "/home/avinash/.local/share/virtualenvs/backend-xmz3RLxt/lib/python3.13/site-packages/starlette/_utils.py", line 82, in collapse_excgroups
    |     raise exc
    |   File "/home/avinash/.local/share/virtualenvs/backend-xmz3RLxt/lib/python3.13/site-packages/starlette/middleware/base.py", line 178, in __call__
    |     response = await self.dispatch_func(request, call_next)
    |                ^^^^^^^^^^^^^^^^^^^^^^^^^^^^^^^^^^^^^^^^^^^^
    |   File "/home/avinash/Desktop/workspace/personal/todo-webapp-with-timer/backend/utility/middlewares.py", line 19, in dispatch
    |     response: Response = await call_next(request)
    |                          ^^^^^^^^^^^^^^^^^^^^^^^^
    |   File "/home/avinash/.local/share/virtualenvs/backend-xmz3RLxt/lib/python3.13/site-packages/starlette/middleware/base.py", line 156, in call_next
    |     raise app_exc
    |   File "/home/avinash/.local/share/virtualenvs/backend-xmz3RLxt/lib/python3.13/site-packages/starlette/middleware/base.py", line 141, in coro
    |     await self.app(scope, receive_or_disconnect, send_no_error)
    |   File "/home/avinash/.local/share/virtualenvs/backend-xmz3RLxt/lib/python3.13/site-packages/starlette/middleware/exceptions.py", line 62, in __call__
    |     await wrap_app_handling_exceptions(self.app, conn)(scope, receive, send)
    |   File "/home/avinash/.local/share/virtualenvs/backend-xmz3RLxt/lib/python3.13/site-packages/starlette/_exception_handler.py", line 53, in wrapped_app
    |     raise exc
    |   File "/home/avinash/.local/share/virtualenvs/backend-xmz3RLxt/lib/python3.13/site-packages/starlette/_exception_handler.py", line 42, in wrapped_app
    |     await app(scope, receive, sender)
    |   File "/home/avinash/.local/share/virtualenvs/backend-xmz3RLxt/lib/python3.13/site-packages/starlette/routing.py", line 714, in __call__
    |     await self.middleware_stack(scope, receive, send)
    |   File "/home/avinash/.local/share/virtualenvs/backend-xmz3RLxt/lib/python3.13/site-packages/starlette/routing.py", line 734, in app
    |     await route.handle(scope, receive, send)
    |   File "/home/avinash/.local/share/virtualenvs/backend-xmz3RLxt/lib/python3.13/site-packages/starlette/routing.py", line 288, in handle
    |     await self.app(scope, receive, send)
    |   File "/home/avinash/.local/share/virtualenvs/backend-xmz3RLxt/lib/python3.13/site-packages/starlette/routing.py", line 76, in app
    |     await wrap_app_handling_exceptions(app, request)(scope, receive, send)
    |   File "/home/avinash/.local/share/virtualenvs/backend-xmz3RLxt/lib/python3.13/site-packages/starlette/_exception_handler.py", line 53, in wrapped_app
    |     raise exc
    |   File "/home/avinash/.local/share/virtualenvs/backend-xmz3RLxt/lib/python3.13/site-packages/starlette/_exception_handler.py", line 42, in wrapped_app
    |     await app(scope, receive, sender)
    |   File "/home/avinash/.local/share/virtualenvs/backend-xmz3RLxt/lib/python3.13/site-packages/starlette/routing.py", line 73, in app
    |     response = await f(request)
    |                ^^^^^^^^^^^^^^^^
    |   File "/home/avinash/.local/share/virtualenvs/backend-xmz3RLxt/lib/python3.13/site-packages/fastapi/routing.py", line 327, in app
    |     content = await serialize_response(
    |               ^^^^^^^^^^^^^^^^^^^^^^^^^
    |     ...<9 lines>...
    |     )
    |     ^
    |   File "/home/avinash/.local/share/virtualenvs/backend-xmz3RLxt/lib/python3.13/site-packages/fastapi/routing.py", line 181, in serialize_response
    |     return field.serialize(
    |            ~~~~~~~~~~~~~~~^
    |         value,
    |         ^^^^^^
    |     ...<5 lines>...
    |         exclude_none=exclude_none,
    |         ^^^^^^^^^^^^^^^^^^^^^^^^^^
    |     )
    |     ^
    |   File "/home/avinash/.local/share/virtualenvs/backend-xmz3RLxt/lib/python3.13/site-packages/fastapi/_compat.py", line 151, in serialize
    |     return self._type_adapter.dump_python(
    |            ~~~~~~~~~~~~~~~~~~~~~~~~~~~~~~^
    |         value,
    |         ^^^^^^
    |     ...<6 lines>...
    |         exclude_none=exclude_none,
    |         ^^^^^^^^^^^^^^^^^^^^^^^^^^
    |     )
    |     ^
    |   File "/home/avinash/.local/share/virtualenvs/backend-xmz3RLxt/lib/python3.13/site-packages/pydantic/type_adapter.py", line 572, in dump_python
    |     return self.serializer.to_python(
    |            ~~~~~~~~~~~~~~~~~~~~~~~~~^
    |         instance,
    |         ^^^^^^^^^
    |     ...<11 lines>...
    |         context=context,
    |         ^^^^^^^^^^^^^^^^
    |     )
    |     ^
    | pydantic_core._pydantic_core.PydanticSerializationError: Unable to serialize unknown type: <class 'coroutine'>
    +------------------------------------

During handling of the above exception, another exception occurred:

Traceback (most recent call last):
  File "/home/avinash/.local/share/virtualenvs/backend-xmz3RLxt/lib/python3.13/site-packages/uvicorn/protocols/http/h11_impl.py", line 403, in run_asgi
    result = await app(  # type: ignore[func-returns-value]
             ^^^^^^^^^^^^^^^^^^^^^^^^^^^^^^^^^^^^^^^^^^^^^^
        self.scope, self.receive, self.send
        ^^^^^^^^^^^^^^^^^^^^^^^^^^^^^^^^^^^
    )
    ^
  File "/home/avinash/.local/share/virtualenvs/backend-xmz3RLxt/lib/python3.13/site-packages/uvicorn/middleware/proxy_headers.py", line 60, in __call__
    return await self.app(scope, receive, send)
           ^^^^^^^^^^^^^^^^^^^^^^^^^^^^^^^^^^^^
  File "/home/avinash/.local/share/virtualenvs/backend-xmz3RLxt/lib/python3.13/site-packages/fastapi/applications.py", line 1054, in __call__
    await super().__call__(scope, receive, send)
  File "/home/avinash/.local/share/virtualenvs/backend-xmz3RLxt/lib/python3.13/site-packages/starlette/applications.py", line 112, in __call__
    await self.middleware_stack(scope, receive, send)
  File "/home/avinash/.local/share/virtualenvs/backend-xmz3RLxt/lib/python3.13/site-packages/starlette/middleware/errors.py", line 187, in __call__
    raise exc
  File "/home/avinash/.local/share/virtualenvs/backend-xmz3RLxt/lib/python3.13/site-packages/starlette/middleware/errors.py", line 165, in __call__
    await self.app(scope, receive, _send)
  File "/home/avinash/.local/share/virtualenvs/backend-xmz3RLxt/lib/python3.13/site-packages/starlette/middleware/cors.py", line 85, in __call__
    await self.app(scope, receive, send)
  File "/home/avinash/.local/share/virtualenvs/backend-xmz3RLxt/lib/python3.13/site-packages/starlette/middleware/base.py", line 176, in __call__
    with recv_stream, send_stream, collapse_excgroups():
                                   ~~~~~~~~~~~~~~~~~~^^
  File "/usr/lib/python3.13/contextlib.py", line 162, in __exit__
    self.gen.throw(value)
    ~~~~~~~~~~~~~~^^^^^^^
  File "/home/avinash/.local/share/virtualenvs/backend-xmz3RLxt/lib/python3.13/site-packages/starlette/_utils.py", line 82, in collapse_excgroups
    raise exc
  File "/home/avinash/.local/share/virtualenvs/backend-xmz3RLxt/lib/python3.13/site-packages/starlette/middleware/base.py", line 178, in __call__
    response = await self.dispatch_func(request, call_next)
               ^^^^^^^^^^^^^^^^^^^^^^^^^^^^^^^^^^^^^^^^^^^^
  File "/home/avinash/Desktop/workspace/personal/todo-webapp-with-timer/backend/utility/middlewares.py", line 19, in dispatch
    response: Response = await call_next(request)
                         ^^^^^^^^^^^^^^^^^^^^^^^^
  File "/home/avinash/.local/share/virtualenvs/backend-xmz3RLxt/lib/python3.13/site-packages/starlette/middleware/base.py", line 156, in call_next
    raise app_exc
  File "/home/avinash/.local/share/virtualenvs/backend-xmz3RLxt/lib/python3.13/site-packages/starlette/middleware/base.py", line 141, in coro
    await self.app(scope, receive_or_disconnect, send_no_error)
  File "/home/avinash/.local/share/virtualenvs/backend-xmz3RLxt/lib/python3.13/site-packages/starlette/middleware/exceptions.py", line 62, in __call__
    await wrap_app_handling_exceptions(self.app, conn)(scope, receive, send)
  File "/home/avinash/.local/share/virtualenvs/backend-xmz3RLxt/lib/python3.13/site-packages/starlette/_exception_handler.py", line 53, in wrapped_app
    raise exc
  File "/home/avinash/.local/share/virtualenvs/backend-xmz3RLxt/lib/python3.13/site-packages/starlette/_exception_handler.py", line 42, in wrapped_app
    await app(scope, receive, sender)
  File "/home/avinash/.local/share/virtualenvs/backend-xmz3RLxt/lib/python3.13/site-packages/starlette/routing.py", line 714, in __call__
    await self.middleware_stack(scope, receive, send)
  File "/home/avinash/.local/share/virtualenvs/backend-xmz3RLxt/lib/python3.13/site-packages/starlette/routing.py", line 734, in app
    await route.handle(scope, receive, send)
  File "/home/avinash/.local/share/virtualenvs/backend-xmz3RLxt/lib/python3.13/site-packages/starlette/routing.py", line 288, in handle
    await self.app(scope, receive, send)
  File "/home/avinash/.local/share/virtualenvs/backend-xmz3RLxt/lib/python3.13/site-packages/starlette/routing.py", line 76, in app
    await wrap_app_handling_exceptions(app, request)(scope, receive, send)
  File "/home/avinash/.local/share/virtualenvs/backend-xmz3RLxt/lib/python3.13/site-packages/starlette/_exception_handler.py", line 53, in wrapped_app
    raise exc
  File "/home/avinash/.local/share/virtualenvs/backend-xmz3RLxt/lib/python3.13/site-packages/starlette/_exception_handler.py", line 42, in wrapped_app
    await app(scope, receive, sender)
  File "/home/avinash/.local/share/virtualenvs/backend-xmz3RLxt/lib/python3.13/site-packages/starlette/routing.py", line 73, in app
    response = await f(request)
               ^^^^^^^^^^^^^^^^
  File "/home/avinash/.local/share/virtualenvs/backend-xmz3RLxt/lib/python3.13/site-packages/fastapi/routing.py", line 327, in app
    content = await serialize_response(
              ^^^^^^^^^^^^^^^^^^^^^^^^^
    ...<9 lines>...
    )
    ^
  File "/home/avinash/.local/share/virtualenvs/backend-xmz3RLxt/lib/python3.13/site-packages/fastapi/routing.py", line 181, in serialize_response
    return field.serialize(
           ~~~~~~~~~~~~~~~^
        value,
        ^^^^^^
    ...<5 lines>...
        exclude_none=exclude_none,
        ^^^^^^^^^^^^^^^^^^^^^^^^^^
    )
    ^
  File "/home/avinash/.local/share/virtualenvs/backend-xmz3RLxt/lib/python3.13/site-packages/fastapi/_compat.py", line 151, in serialize
    return self._type_adapter.dump_python(
           ~~~~~~~~~~~~~~~~~~~~~~~~~~~~~~^
        value,
        ^^^^^^
    ...<6 lines>...
        exclude_none=exclude_none,
        ^^^^^^^^^^^^^^^^^^^^^^^^^^
    )
    ^
  File "/home/avinash/.local/share/virtualenvs/backend-xmz3RLxt/lib/python3.13/site-packages/pydantic/type_adapter.py", line 572, in dump_python
    return self.serializer.to_python(
           ~~~~~~~~~~~~~~~~~~~~~~~~~^
        instance,
        ^^^^^^^^^
    ...<11 lines>...
        context=context,
        ^^^^^^^^^^^^^^^^
    )
    ^
pydantic_core._pydantic_core.PydanticSerializationError: Unable to serialize unknown type: <class 'coroutine'>
[2025-06-29 08:52:15] INFO - Request: GET /tasks - Body: None
INFO:     127.0.0.1:59526 - "GET /tasks HTTP/1.1" 500 Internal Server Error
ERROR:    Exception in ASGI application
  + Exception Group Traceback (most recent call last):
  |   File "/home/avinash/.local/share/virtualenvs/backend-xmz3RLxt/lib/python3.13/site-packages/starlette/_utils.py", line 76, in collapse_excgroups
  |     yield
  |   File "/home/avinash/.local/share/virtualenvs/backend-xmz3RLxt/lib/python3.13/site-packages/starlette/middleware/base.py", line 177, in __call__
  |     async with anyio.create_task_group() as task_group:
  |                ~~~~~~~~~~~~~~~~~~~~~~~^^
  |   File "/home/avinash/.local/share/virtualenvs/backend-xmz3RLxt/lib/python3.13/site-packages/anyio/_backends/_asyncio.py", line 772, in __aexit__
  |     raise BaseExceptionGroup(
  |         "unhandled errors in a TaskGroup", self._exceptions
  |     ) from None
  | ExceptionGroup: unhandled errors in a TaskGroup (1 sub-exception)
  +-+---------------- 1 ----------------
    | Traceback (most recent call last):
    |   File "/home/avinash/.local/share/virtualenvs/backend-xmz3RLxt/lib/python3.13/site-packages/uvicorn/protocols/http/h11_impl.py", line 403, in run_asgi
    |     result = await app(  # type: ignore[func-returns-value]
    |              ^^^^^^^^^^^^^^^^^^^^^^^^^^^^^^^^^^^^^^^^^^^^^^
    |         self.scope, self.receive, self.send
    |         ^^^^^^^^^^^^^^^^^^^^^^^^^^^^^^^^^^^
    |     )
    |     ^
    |   File "/home/avinash/.local/share/virtualenvs/backend-xmz3RLxt/lib/python3.13/site-packages/uvicorn/middleware/proxy_headers.py", line 60, in __call__
    |     return await self.app(scope, receive, send)
    |            ^^^^^^^^^^^^^^^^^^^^^^^^^^^^^^^^^^^^
    |   File "/home/avinash/.local/share/virtualenvs/backend-xmz3RLxt/lib/python3.13/site-packages/fastapi/applications.py", line 1054, in __call__
    |     await super().__call__(scope, receive, send)
    |   File "/home/avinash/.local/share/virtualenvs/backend-xmz3RLxt/lib/python3.13/site-packages/starlette/applications.py", line 112, in __call__
    |     await self.middleware_stack(scope, receive, send)
    |   File "/home/avinash/.local/share/virtualenvs/backend-xmz3RLxt/lib/python3.13/site-packages/starlette/middleware/errors.py", line 187, in __call__
    |     raise exc
    |   File "/home/avinash/.local/share/virtualenvs/backend-xmz3RLxt/lib/python3.13/site-packages/starlette/middleware/errors.py", line 165, in __call__
    |     await self.app(scope, receive, _send)
    |   File "/home/avinash/.local/share/virtualenvs/backend-xmz3RLxt/lib/python3.13/site-packages/starlette/middleware/cors.py", line 85, in __call__
    |     await self.app(scope, receive, send)
    |   File "/home/avinash/.local/share/virtualenvs/backend-xmz3RLxt/lib/python3.13/site-packages/starlette/middleware/base.py", line 176, in __call__
    |     with recv_stream, send_stream, collapse_excgroups():
    |                                    ~~~~~~~~~~~~~~~~~~^^
    |   File "/usr/lib/python3.13/contextlib.py", line 162, in __exit__
    |     self.gen.throw(value)
    |     ~~~~~~~~~~~~~~^^^^^^^
    |   File "/home/avinash/.local/share/virtualenvs/backend-xmz3RLxt/lib/python3.13/site-packages/starlette/_utils.py", line 82, in collapse_excgroups
    |     raise exc
    |   File "/home/avinash/.local/share/virtualenvs/backend-xmz3RLxt/lib/python3.13/site-packages/starlette/middleware/base.py", line 178, in __call__
    |     response = await self.dispatch_func(request, call_next)
    |                ^^^^^^^^^^^^^^^^^^^^^^^^^^^^^^^^^^^^^^^^^^^^
    |   File "/home/avinash/Desktop/workspace/personal/todo-webapp-with-timer/backend/utility/middlewares.py", line 19, in dispatch
    |     response: Response = await call_next(request)
    |                          ^^^^^^^^^^^^^^^^^^^^^^^^
    |   File "/home/avinash/.local/share/virtualenvs/backend-xmz3RLxt/lib/python3.13/site-packages/starlette/middleware/base.py", line 156, in call_next
    |     raise app_exc
    |   File "/home/avinash/.local/share/virtualenvs/backend-xmz3RLxt/lib/python3.13/site-packages/starlette/middleware/base.py", line 141, in coro
    |     await self.app(scope, receive_or_disconnect, send_no_error)
    |   File "/home/avinash/.local/share/virtualenvs/backend-xmz3RLxt/lib/python3.13/site-packages/starlette/middleware/exceptions.py", line 62, in __call__
    |     await wrap_app_handling_exceptions(self.app, conn)(scope, receive, send)
    |   File "/home/avinash/.local/share/virtualenvs/backend-xmz3RLxt/lib/python3.13/site-packages/starlette/_exception_handler.py", line 53, in wrapped_app
    |     raise exc
    |   File "/home/avinash/.local/share/virtualenvs/backend-xmz3RLxt/lib/python3.13/site-packages/starlette/_exception_handler.py", line 42, in wrapped_app
    |     await app(scope, receive, sender)
    |   File "/home/avinash/.local/share/virtualenvs/backend-xmz3RLxt/lib/python3.13/site-packages/starlette/routing.py", line 714, in __call__
    |     await self.middleware_stack(scope, receive, send)
    |   File "/home/avinash/.local/share/virtualenvs/backend-xmz3RLxt/lib/python3.13/site-packages/starlette/routing.py", line 734, in app
    |     await route.handle(scope, receive, send)
    |   File "/home/avinash/.local/share/virtualenvs/backend-xmz3RLxt/lib/python3.13/site-packages/starlette/routing.py", line 288, in handle
    |     await self.app(scope, receive, send)
    |   File "/home/avinash/.local/share/virtualenvs/backend-xmz3RLxt/lib/python3.13/site-packages/starlette/routing.py", line 76, in app
    |     await wrap_app_handling_exceptions(app, request)(scope, receive, send)
    |   File "/home/avinash/.local/share/virtualenvs/backend-xmz3RLxt/lib/python3.13/site-packages/starlette/_exception_handler.py", line 53, in wrapped_app
    |     raise exc
    |   File "/home/avinash/.local/share/virtualenvs/backend-xmz3RLxt/lib/python3.13/site-packages/starlette/_exception_handler.py", line 42, in wrapped_app
    |     await app(scope, receive, sender)
    |   File "/home/avinash/.local/share/virtualenvs/backend-xmz3RLxt/lib/python3.13/site-packages/starlette/routing.py", line 73, in app
    |     response = await f(request)
    |                ^^^^^^^^^^^^^^^^
    |   File "/home/avinash/.local/share/virtualenvs/backend-xmz3RLxt/lib/python3.13/site-packages/fastapi/routing.py", line 327, in app
    |     content = await serialize_response(
    |               ^^^^^^^^^^^^^^^^^^^^^^^^^
    |     ...<9 lines>...
    |     )
    |     ^
    |   File "/home/avinash/.local/share/virtualenvs/backend-xmz3RLxt/lib/python3.13/site-packages/fastapi/routing.py", line 181, in serialize_response
    |     return field.serialize(
    |            ~~~~~~~~~~~~~~~^
    |         value,
    |         ^^^^^^
    |     ...<5 lines>...
    |         exclude_none=exclude_none,
    |         ^^^^^^^^^^^^^^^^^^^^^^^^^^
    |     )
    |     ^
    |   File "/home/avinash/.local/share/virtualenvs/backend-xmz3RLxt/lib/python3.13/site-packages/fastapi/_compat.py", line 151, in serialize
    |     return self._type_adapter.dump_python(
    |            ~~~~~~~~~~~~~~~~~~~~~~~~~~~~~~^
    |         value,
    |         ^^^^^^
    |     ...<6 lines>...
    |         exclude_none=exclude_none,
    |         ^^^^^^^^^^^^^^^^^^^^^^^^^^
    |     )
    |     ^
    |   File "/home/avinash/.local/share/virtualenvs/backend-xmz3RLxt/lib/python3.13/site-packages/pydantic/type_adapter.py", line 572, in dump_python
    |     return self.serializer.to_python(
    |            ~~~~~~~~~~~~~~~~~~~~~~~~~^
    |         instance,
    |         ^^^^^^^^^
    |     ...<11 lines>...
    |         context=context,
    |         ^^^^^^^^^^^^^^^^
    |     )
    |     ^
    | pydantic_core._pydantic_core.PydanticSerializationError: Unable to serialize unknown type: <class 'coroutine'>
    +------------------------------------

During handling of the above exception, another exception occurred:

Traceback (most recent call last):
  File "/home/avinash/.local/share/virtualenvs/backend-xmz3RLxt/lib/python3.13/site-packages/uvicorn/protocols/http/h11_impl.py", line 403, in run_asgi
    result = await app(  # type: ignore[func-returns-value]
             ^^^^^^^^^^^^^^^^^^^^^^^^^^^^^^^^^^^^^^^^^^^^^^
        self.scope, self.receive, self.send
        ^^^^^^^^^^^^^^^^^^^^^^^^^^^^^^^^^^^
    )
    ^
  File "/home/avinash/.local/share/virtualenvs/backend-xmz3RLxt/lib/python3.13/site-packages/uvicorn/middleware/proxy_headers.py", line 60, in __call__
    return await self.app(scope, receive, send)
           ^^^^^^^^^^^^^^^^^^^^^^^^^^^^^^^^^^^^
  File "/home/avinash/.local/share/virtualenvs/backend-xmz3RLxt/lib/python3.13/site-packages/fastapi/applications.py", line 1054, in __call__
    await super().__call__(scope, receive, send)
  File "/home/avinash/.local/share/virtualenvs/backend-xmz3RLxt/lib/python3.13/site-packages/starlette/applications.py", line 112, in __call__
    await self.middleware_stack(scope, receive, send)
  File "/home/avinash/.local/share/virtualenvs/backend-xmz3RLxt/lib/python3.13/site-packages/starlette/middleware/errors.py", line 187, in __call__
    raise exc
  File "/home/avinash/.local/share/virtualenvs/backend-xmz3RLxt/lib/python3.13/site-packages/starlette/middleware/errors.py", line 165, in __call__
    await self.app(scope, receive, _send)
  File "/home/avinash/.local/share/virtualenvs/backend-xmz3RLxt/lib/python3.13/site-packages/starlette/middleware/cors.py", line 85, in __call__
    await self.app(scope, receive, send)
  File "/home/avinash/.local/share/virtualenvs/backend-xmz3RLxt/lib/python3.13/site-packages/starlette/middleware/base.py", line 176, in __call__
    with recv_stream, send_stream, collapse_excgroups():
                                   ~~~~~~~~~~~~~~~~~~^^
  File "/usr/lib/python3.13/contextlib.py", line 162, in __exit__
    self.gen.throw(value)
    ~~~~~~~~~~~~~~^^^^^^^
  File "/home/avinash/.local/share/virtualenvs/backend-xmz3RLxt/lib/python3.13/site-packages/starlette/_utils.py", line 82, in collapse_excgroups
    raise exc
  File "/home/avinash/.local/share/virtualenvs/backend-xmz3RLxt/lib/python3.13/site-packages/starlette/middleware/base.py", line 178, in __call__
    response = await self.dispatch_func(request, call_next)
               ^^^^^^^^^^^^^^^^^^^^^^^^^^^^^^^^^^^^^^^^^^^^
  File "/home/avinash/Desktop/workspace/personal/todo-webapp-with-timer/backend/utility/middlewares.py", line 19, in dispatch
    response: Response = await call_next(request)
                         ^^^^^^^^^^^^^^^^^^^^^^^^
  File "/home/avinash/.local/share/virtualenvs/backend-xmz3RLxt/lib/python3.13/site-packages/starlette/middleware/base.py", line 156, in call_next
    raise app_exc
  File "/home/avinash/.local/share/virtualenvs/backend-xmz3RLxt/lib/python3.13/site-packages/starlette/middleware/base.py", line 141, in coro
    await self.app(scope, receive_or_disconnect, send_no_error)
  File "/home/avinash/.local/share/virtualenvs/backend-xmz3RLxt/lib/python3.13/site-packages/starlette/middleware/exceptions.py", line 62, in __call__
    await wrap_app_handling_exceptions(self.app, conn)(scope, receive, send)
  File "/home/avinash/.local/share/virtualenvs/backend-xmz3RLxt/lib/python3.13/site-packages/starlette/_exception_handler.py", line 53, in wrapped_app
    raise exc
  File "/home/avinash/.local/share/virtualenvs/backend-xmz3RLxt/lib/python3.13/site-packages/starlette/_exception_handler.py", line 42, in wrapped_app
    await app(scope, receive, sender)
  File "/home/avinash/.local/share/virtualenvs/backend-xmz3RLxt/lib/python3.13/site-packages/starlette/routing.py", line 714, in __call__
    await self.middleware_stack(scope, receive, send)
  File "/home/avinash/.local/share/virtualenvs/backend-xmz3RLxt/lib/python3.13/site-packages/starlette/routing.py", line 734, in app
    await route.handle(scope, receive, send)
  File "/home/avinash/.local/share/virtualenvs/backend-xmz3RLxt/lib/python3.13/site-packages/starlette/routing.py", line 288, in handle
    await self.app(scope, receive, send)
  File "/home/avinash/.local/share/virtualenvs/backend-xmz3RLxt/lib/python3.13/site-packages/starlette/routing.py", line 76, in app
    await wrap_app_handling_exceptions(app, request)(scope, receive, send)
  File "/home/avinash/.local/share/virtualenvs/backend-xmz3RLxt/lib/python3.13/site-packages/starlette/_exception_handler.py", line 53, in wrapped_app
    raise exc
  File "/home/avinash/.local/share/virtualenvs/backend-xmz3RLxt/lib/python3.13/site-packages/starlette/_exception_handler.py", line 42, in wrapped_app
    await app(scope, receive, sender)
  File "/home/avinash/.local/share/virtualenvs/backend-xmz3RLxt/lib/python3.13/site-packages/starlette/routing.py", line 73, in app
    response = await f(request)
               ^^^^^^^^^^^^^^^^
  File "/home/avinash/.local/share/virtualenvs/backend-xmz3RLxt/lib/python3.13/site-packages/fastapi/routing.py", line 327, in app
    content = await serialize_response(
              ^^^^^^^^^^^^^^^^^^^^^^^^^
    ...<9 lines>...
    )
    ^
  File "/home/avinash/.local/share/virtualenvs/backend-xmz3RLxt/lib/python3.13/site-packages/fastapi/routing.py", line 181, in serialize_response
    return field.serialize(
           ~~~~~~~~~~~~~~~^
        value,
        ^^^^^^
    ...<5 lines>...
        exclude_none=exclude_none,
        ^^^^^^^^^^^^^^^^^^^^^^^^^^
    )
    ^
  File "/home/avinash/.local/share/virtualenvs/backend-xmz3RLxt/lib/python3.13/site-packages/fastapi/_compat.py", line 151, in serialize
    return self._type_adapter.dump_python(
           ~~~~~~~~~~~~~~~~~~~~~~~~~~~~~~^
        value,
        ^^^^^^
    ...<6 lines>...
        exclude_none=exclude_none,
        ^^^^^^^^^^^^^^^^^^^^^^^^^^
    )
    ^
  File "/home/avinash/.local/share/virtualenvs/backend-xmz3RLxt/lib/python3.13/site-packages/pydantic/type_adapter.py", line 572, in dump_python
    return self.serializer.to_python(
           ~~~~~~~~~~~~~~~~~~~~~~~~~^
        instance,
        ^^^^^^^^^
    ...<11 lines>...
        context=context,
        ^^^^^^^^^^^^^^^^
    )
    ^
pydantic_core._pydantic_core.PydanticSerializationError: Unable to serialize unknown type: <class 'coroutine'>
WARNING:  StatReload detected changes in 'tasks/routes.py'. Reloading...
INFO:     Shutting down
INFO:     Waiting for application shutdown.
INFO:     Application shutdown complete.
INFO:     Finished server process [136634]
INFO:     Started server process [146095]
INFO:     Waiting for application startup.
INFO:     Application startup complete.
WARNING:  StatReload detected changes in 'tasks/routes.py'. Reloading...
INFO:     Shutting down
INFO:     Waiting for application shutdown.
INFO:     Application shutdown complete.
INFO:     Finished server process [146095]
Traceback (most recent call last):
  File "<string>", line 1, in <module>
    from multiprocessing.spawn import spawn_main; spawn_main(tracker_fd=5, pipe_handle=7)
                                                  ~~~~~~~~~~^^^^^^^^^^^^^^^^^^^^^^^^^^^^^
  File "/usr/lib/python3.13/multiprocessing/spawn.py", line 122, in spawn_main
    exitcode = _main(fd, parent_sentinel)
  File "/usr/lib/python3.13/multiprocessing/spawn.py", line 131, in _main
    prepare(preparation_data)
    ~~~~~~~^^^^^^^^^^^^^^^^^^
  File "/usr/lib/python3.13/multiprocessing/spawn.py", line 246, in prepare
    _fixup_main_from_path(data['init_main_from_path'])
    ~~~~~~~~~~~~~~~~~~~~~^^^^^^^^^^^^^^^^^^^^^^^^^^^^^
  File "/usr/lib/python3.13/multiprocessing/spawn.py", line 297, in _fixup_main_from_path
    main_content = runpy.run_path(main_path,
                                  run_name="__mp_main__")
  File "<frozen runpy>", line 287, in run_path
  File "<frozen runpy>", line 98, in _run_module_code
  File "<frozen runpy>", line 88, in _run_code
  File "/home/avinash/Desktop/workspace/personal/todo-webapp-with-timer/backend/app.py", line 9, in <module>
    from tasks.routes import tasks_router
  File "/home/avinash/Desktop/workspace/personal/todo-webapp-with-timer/backend/tasks/routes.py", line 13
    return {message=f"Tasks fetched successfully", data=data)
                                                            ^
SyntaxError: closing parenthesis ')' does not match opening parenthesis '{'
WARNING:  StatReload detected changes in 'tasks/routes.py'. Reloading...
Traceback (most recent call last):
  File "<string>", line 1, in <module>
    from multiprocessing.spawn import spawn_main; spawn_main(tracker_fd=5, pipe_handle=7)
                                                  ~~~~~~~~~~^^^^^^^^^^^^^^^^^^^^^^^^^^^^^
  File "/usr/lib/python3.13/multiprocessing/spawn.py", line 122, in spawn_main
    exitcode = _main(fd, parent_sentinel)
  File "/usr/lib/python3.13/multiprocessing/spawn.py", line 131, in _main
    prepare(preparation_data)
    ~~~~~~~^^^^^^^^^^^^^^^^^^
  File "/usr/lib/python3.13/multiprocessing/spawn.py", line 246, in prepare
    _fixup_main_from_path(data['init_main_from_path'])
    ~~~~~~~~~~~~~~~~~~~~~^^^^^^^^^^^^^^^^^^^^^^^^^^^^^
  File "/usr/lib/python3.13/multiprocessing/spawn.py", line 297, in _fixup_main_from_path
    main_content = runpy.run_path(main_path,
                                  run_name="__mp_main__")
  File "<frozen runpy>", line 287, in run_path
  File "<frozen runpy>", line 98, in _run_module_code
  File "<frozen runpy>", line 88, in _run_code
  File "/home/avinash/Desktop/workspace/personal/todo-webapp-with-timer/backend/app.py", line 9, in <module>
    from tasks.routes import tasks_router
  File "/home/avinash/Desktop/workspace/personal/todo-webapp-with-timer/backend/tasks/routes.py", line 13
    return {"message"=f"Tasks fetched successfully", data=data)
                                                              ^
SyntaxError: closing parenthesis ')' does not match opening parenthesis '{'
WARNING:  StatReload detected changes in 'tasks/routes.py'. Reloading...
Traceback (most recent call last):
  File "<string>", line 1, in <module>
    from multiprocessing.spawn import spawn_main; spawn_main(tracker_fd=5, pipe_handle=7)
                                                  ~~~~~~~~~~^^^^^^^^^^^^^^^^^^^^^^^^^^^^^
  File "/usr/lib/python3.13/multiprocessing/spawn.py", line 122, in spawn_main
    exitcode = _main(fd, parent_sentinel)
  File "/usr/lib/python3.13/multiprocessing/spawn.py", line 131, in _main
    prepare(preparation_data)
    ~~~~~~~^^^^^^^^^^^^^^^^^^
  File "/usr/lib/python3.13/multiprocessing/spawn.py", line 246, in prepare
    _fixup_main_from_path(data['init_main_from_path'])
    ~~~~~~~~~~~~~~~~~~~~~^^^^^^^^^^^^^^^^^^^^^^^^^^^^^
  File "/usr/lib/python3.13/multiprocessing/spawn.py", line 297, in _fixup_main_from_path
    main_content = runpy.run_path(main_path,
                                  run_name="__mp_main__")
  File "<frozen runpy>", line 287, in run_path
  File "<frozen runpy>", line 98, in _run_module_code
  File "<frozen runpy>", line 88, in _run_code
  File "/home/avinash/Desktop/workspace/personal/todo-webapp-with-timer/backend/app.py", line 9, in <module>
    from tasks.routes import tasks_router
  File "/home/avinash/Desktop/workspace/personal/todo-webapp-with-timer/backend/tasks/routes.py", line 13
    return {"message"f"Tasks fetched successfully", data=data)
                                                             ^
SyntaxError: closing parenthesis ')' does not match opening parenthesis '{'
WARNING:  StatReload detected changes in 'tasks/routes.py'. Reloading...
Traceback (most recent call last):
  File "<string>", line 1, in <module>
    from multiprocessing.spawn import spawn_main; spawn_main(tracker_fd=5, pipe_handle=7)
                                                  ~~~~~~~~~~^^^^^^^^^^^^^^^^^^^^^^^^^^^^^
  File "/usr/lib/python3.13/multiprocessing/spawn.py", line 122, in spawn_main
    exitcode = _main(fd, parent_sentinel)
  File "/usr/lib/python3.13/multiprocessing/spawn.py", line 131, in _main
    prepare(preparation_data)
    ~~~~~~~^^^^^^^^^^^^^^^^^^
  File "/usr/lib/python3.13/multiprocessing/spawn.py", line 246, in prepare
    _fixup_main_from_path(data['init_main_from_path'])
    ~~~~~~~~~~~~~~~~~~~~~^^^^^^^^^^^^^^^^^^^^^^^^^^^^^
  File "/usr/lib/python3.13/multiprocessing/spawn.py", line 297, in _fixup_main_from_path
    main_content = runpy.run_path(main_path,
                                  run_name="__mp_main__")
  File "<frozen runpy>", line 287, in run_path
  File "<frozen runpy>", line 98, in _run_module_code
  File "<frozen runpy>", line 88, in _run_code
  File "/home/avinash/Desktop/workspace/personal/todo-webapp-with-timer/backend/app.py", line 9, in <module>
    from tasks.routes import tasks_router
  File "/home/avinash/Desktop/workspace/personal/todo-webapp-with-timer/backend/tasks/routes.py", line 13
    return {"message": f"Tasks fetched successfully", data=data)
                                                               ^
SyntaxError: closing parenthesis ')' does not match opening parenthesis '{'
WARNING:  StatReload detected changes in 'tasks/routes.py'. Reloading...
Traceback (most recent call last):
  File "<string>", line 1, in <module>
    from multiprocessing.spawn import spawn_main; spawn_main(tracker_fd=5, pipe_handle=7)
                                                  ~~~~~~~~~~^^^^^^^^^^^^^^^^^^^^^^^^^^^^^
  File "/usr/lib/python3.13/multiprocessing/spawn.py", line 122, in spawn_main
    exitcode = _main(fd, parent_sentinel)
  File "/usr/lib/python3.13/multiprocessing/spawn.py", line 131, in _main
    prepare(preparation_data)
    ~~~~~~~^^^^^^^^^^^^^^^^^^
  File "/usr/lib/python3.13/multiprocessing/spawn.py", line 246, in prepare
    _fixup_main_from_path(data['init_main_from_path'])
    ~~~~~~~~~~~~~~~~~~~~~^^^^^^^^^^^^^^^^^^^^^^^^^^^^^
  File "/usr/lib/python3.13/multiprocessing/spawn.py", line 297, in _fixup_main_from_path
    main_content = runpy.run_path(main_path,
                                  run_name="__mp_main__")
  File "<frozen runpy>", line 287, in run_path
  File "<frozen runpy>", line 98, in _run_module_code
  File "<frozen runpy>", line 88, in _run_code
  File "/home/avinash/Desktop/workspace/personal/todo-webapp-with-timer/backend/app.py", line 9, in <module>
    from tasks.routes import tasks_router
  File "/home/avinash/Desktop/workspace/personal/todo-webapp-with-timer/backend/tasks/routes.py", line 13
    return {"message": f"Tasks fetched successfully", data:data)
                                                               ^
SyntaxError: closing parenthesis ')' does not match opening parenthesis '{'
WARNING:  StatReload detected changes in 'tasks/routes.py'. Reloading...
Traceback (most recent call last):
  File "<string>", line 1, in <module>
    from multiprocessing.spawn import spawn_main; spawn_main(tracker_fd=5, pipe_handle=7)
                                                  ~~~~~~~~~~^^^^^^^^^^^^^^^^^^^^^^^^^^^^^
  File "/usr/lib/python3.13/multiprocessing/spawn.py", line 122, in spawn_main
    exitcode = _main(fd, parent_sentinel)
  File "/usr/lib/python3.13/multiprocessing/spawn.py", line 131, in _main
    prepare(preparation_data)
    ~~~~~~~^^^^^^^^^^^^^^^^^^
  File "/usr/lib/python3.13/multiprocessing/spawn.py", line 246, in prepare
    _fixup_main_from_path(data['init_main_from_path'])
    ~~~~~~~~~~~~~~~~~~~~~^^^^^^^^^^^^^^^^^^^^^^^^^^^^^
  File "/usr/lib/python3.13/multiprocessing/spawn.py", line 297, in _fixup_main_from_path
    main_content = runpy.run_path(main_path,
                                  run_name="__mp_main__")
  File "<frozen runpy>", line 287, in run_path
  File "<frozen runpy>", line 98, in _run_module_code
  File "<frozen runpy>", line 88, in _run_code
  File "/home/avinash/Desktop/workspace/personal/todo-webapp-with-timer/backend/app.py", line 9, in <module>
    from tasks.routes import tasks_router
  File "/home/avinash/Desktop/workspace/personal/todo-webapp-with-timer/backend/tasks/routes.py", line 13
    return {"message": f"Tasks fetched successfully", data: data)
                                                                ^
SyntaxError: closing parenthesis ')' does not match opening parenthesis '{'
WARNING:  StatReload detected changes in 'tasks/routes.py'. Reloading...
INFO:     Started server process [146128]
INFO:     Waiting for application startup.
INFO:     Application startup complete.
[2025-06-29 08:53:12] INFO - Request: GET /tasks - Body: None
INFO:     127.0.0.1:38606 - "GET /tasks HTTP/1.1" 500 Internal Server Error
ERROR:    Exception in ASGI application
  + Exception Group Traceback (most recent call last):
  |   File "/home/avinash/.local/share/virtualenvs/backend-xmz3RLxt/lib/python3.13/site-packages/starlette/_utils.py", line 76, in collapse_excgroups
  |     yield
  |   File "/home/avinash/.local/share/virtualenvs/backend-xmz3RLxt/lib/python3.13/site-packages/starlette/middleware/base.py", line 177, in __call__
  |     async with anyio.create_task_group() as task_group:
  |                ~~~~~~~~~~~~~~~~~~~~~~~^^
  |   File "/home/avinash/.local/share/virtualenvs/backend-xmz3RLxt/lib/python3.13/site-packages/anyio/_backends/_asyncio.py", line 772, in __aexit__
  |     raise BaseExceptionGroup(
  |         "unhandled errors in a TaskGroup", self._exceptions
  |     ) from None
  | ExceptionGroup: unhandled errors in a TaskGroup (1 sub-exception)
  +-+---------------- 1 ----------------
    | Traceback (most recent call last):
    |   File "/home/avinash/.local/share/virtualenvs/backend-xmz3RLxt/lib/python3.13/site-packages/uvicorn/protocols/http/h11_impl.py", line 403, in run_asgi
    |     result = await app(  # type: ignore[func-returns-value]
    |              ^^^^^^^^^^^^^^^^^^^^^^^^^^^^^^^^^^^^^^^^^^^^^^
    |         self.scope, self.receive, self.send
    |         ^^^^^^^^^^^^^^^^^^^^^^^^^^^^^^^^^^^
    |     )
    |     ^
    |   File "/home/avinash/.local/share/virtualenvs/backend-xmz3RLxt/lib/python3.13/site-packages/uvicorn/middleware/proxy_headers.py", line 60, in __call__
    |     return await self.app(scope, receive, send)
    |            ^^^^^^^^^^^^^^^^^^^^^^^^^^^^^^^^^^^^
    |   File "/home/avinash/.local/share/virtualenvs/backend-xmz3RLxt/lib/python3.13/site-packages/fastapi/applications.py", line 1054, in __call__
    |     await super().__call__(scope, receive, send)
    |   File "/home/avinash/.local/share/virtualenvs/backend-xmz3RLxt/lib/python3.13/site-packages/starlette/applications.py", line 112, in __call__
    |     await self.middleware_stack(scope, receive, send)
    |   File "/home/avinash/.local/share/virtualenvs/backend-xmz3RLxt/lib/python3.13/site-packages/starlette/middleware/errors.py", line 187, in __call__
    |     raise exc
    |   File "/home/avinash/.local/share/virtualenvs/backend-xmz3RLxt/lib/python3.13/site-packages/starlette/middleware/errors.py", line 165, in __call__
    |     await self.app(scope, receive, _send)
    |   File "/home/avinash/.local/share/virtualenvs/backend-xmz3RLxt/lib/python3.13/site-packages/starlette/middleware/cors.py", line 85, in __call__
    |     await self.app(scope, receive, send)
    |   File "/home/avinash/.local/share/virtualenvs/backend-xmz3RLxt/lib/python3.13/site-packages/starlette/middleware/base.py", line 176, in __call__
    |     with recv_stream, send_stream, collapse_excgroups():
    |                                    ~~~~~~~~~~~~~~~~~~^^
    |   File "/usr/lib/python3.13/contextlib.py", line 162, in __exit__
    |     self.gen.throw(value)
    |     ~~~~~~~~~~~~~~^^^^^^^
    |   File "/home/avinash/.local/share/virtualenvs/backend-xmz3RLxt/lib/python3.13/site-packages/starlette/_utils.py", line 82, in collapse_excgroups
    |     raise exc
    |   File "/home/avinash/.local/share/virtualenvs/backend-xmz3RLxt/lib/python3.13/site-packages/starlette/middleware/base.py", line 178, in __call__
    |     response = await self.dispatch_func(request, call_next)
    |                ^^^^^^^^^^^^^^^^^^^^^^^^^^^^^^^^^^^^^^^^^^^^
    |   File "/home/avinash/Desktop/workspace/personal/todo-webapp-with-timer/backend/utility/middlewares.py", line 19, in dispatch
    |     response: Response = await call_next(request)
    |                          ^^^^^^^^^^^^^^^^^^^^^^^^
    |   File "/home/avinash/.local/share/virtualenvs/backend-xmz3RLxt/lib/python3.13/site-packages/starlette/middleware/base.py", line 156, in call_next
    |     raise app_exc
    |   File "/home/avinash/.local/share/virtualenvs/backend-xmz3RLxt/lib/python3.13/site-packages/starlette/middleware/base.py", line 141, in coro
    |     await self.app(scope, receive_or_disconnect, send_no_error)
    |   File "/home/avinash/.local/share/virtualenvs/backend-xmz3RLxt/lib/python3.13/site-packages/starlette/middleware/exceptions.py", line 62, in __call__
    |     await wrap_app_handling_exceptions(self.app, conn)(scope, receive, send)
    |   File "/home/avinash/.local/share/virtualenvs/backend-xmz3RLxt/lib/python3.13/site-packages/starlette/_exception_handler.py", line 53, in wrapped_app
    |     raise exc
    |   File "/home/avinash/.local/share/virtualenvs/backend-xmz3RLxt/lib/python3.13/site-packages/starlette/_exception_handler.py", line 42, in wrapped_app
    |     await app(scope, receive, sender)
    |   File "/home/avinash/.local/share/virtualenvs/backend-xmz3RLxt/lib/python3.13/site-packages/starlette/routing.py", line 714, in __call__
    |     await self.middleware_stack(scope, receive, send)
    |   File "/home/avinash/.local/share/virtualenvs/backend-xmz3RLxt/lib/python3.13/site-packages/starlette/routing.py", line 734, in app
    |     await route.handle(scope, receive, send)
    |   File "/home/avinash/.local/share/virtualenvs/backend-xmz3RLxt/lib/python3.13/site-packages/starlette/routing.py", line 288, in handle
    |     await self.app(scope, receive, send)
    |   File "/home/avinash/.local/share/virtualenvs/backend-xmz3RLxt/lib/python3.13/site-packages/starlette/routing.py", line 76, in app
    |     await wrap_app_handling_exceptions(app, request)(scope, receive, send)
    |   File "/home/avinash/.local/share/virtualenvs/backend-xmz3RLxt/lib/python3.13/site-packages/starlette/_exception_handler.py", line 53, in wrapped_app
    |     raise exc
    |   File "/home/avinash/.local/share/virtualenvs/backend-xmz3RLxt/lib/python3.13/site-packages/starlette/_exception_handler.py", line 42, in wrapped_app
    |     await app(scope, receive, sender)
    |   File "/home/avinash/.local/share/virtualenvs/backend-xmz3RLxt/lib/python3.13/site-packages/starlette/routing.py", line 73, in app
    |     response = await f(request)
    |                ^^^^^^^^^^^^^^^^
    |   File "/home/avinash/.local/share/virtualenvs/backend-xmz3RLxt/lib/python3.13/site-packages/fastapi/routing.py", line 327, in app
    |     content = await serialize_response(
    |               ^^^^^^^^^^^^^^^^^^^^^^^^^
    |     ...<9 lines>...
    |     )
    |     ^
    |   File "/home/avinash/.local/share/virtualenvs/backend-xmz3RLxt/lib/python3.13/site-packages/fastapi/routing.py", line 176, in serialize_response
    |     raise ResponseValidationError(
    |         errors=_normalize_errors(errors), body=response_content
    |     )
    | fastapi.exceptions.ResponseValidationError: 1 validation errors:
    |   {'type': 'missing', 'loc': ('response', 'data'), 'msg': 'Field required', 'input': {'message': 'Tasks fetched successfully', <coroutine object RepositoryTasks.get_all_tasks at 0x7cc57a05b780>: <coroutine object RepositoryTasks.get_all_tasks at 0x7cc57a05b780>}}
    | 
    +------------------------------------

During handling of the above exception, another exception occurred:

Traceback (most recent call last):
  File "/home/avinash/.local/share/virtualenvs/backend-xmz3RLxt/lib/python3.13/site-packages/uvicorn/protocols/http/h11_impl.py", line 403, in run_asgi
    result = await app(  # type: ignore[func-returns-value]
             ^^^^^^^^^^^^^^^^^^^^^^^^^^^^^^^^^^^^^^^^^^^^^^
        self.scope, self.receive, self.send
        ^^^^^^^^^^^^^^^^^^^^^^^^^^^^^^^^^^^
    )
    ^
  File "/home/avinash/.local/share/virtualenvs/backend-xmz3RLxt/lib/python3.13/site-packages/uvicorn/middleware/proxy_headers.py", line 60, in __call__
    return await self.app(scope, receive, send)
           ^^^^^^^^^^^^^^^^^^^^^^^^^^^^^^^^^^^^
  File "/home/avinash/.local/share/virtualenvs/backend-xmz3RLxt/lib/python3.13/site-packages/fastapi/applications.py", line 1054, in __call__
    await super().__call__(scope, receive, send)
  File "/home/avinash/.local/share/virtualenvs/backend-xmz3RLxt/lib/python3.13/site-packages/starlette/applications.py", line 112, in __call__
    await self.middleware_stack(scope, receive, send)
  File "/home/avinash/.local/share/virtualenvs/backend-xmz3RLxt/lib/python3.13/site-packages/starlette/middleware/errors.py", line 187, in __call__
    raise exc
  File "/home/avinash/.local/share/virtualenvs/backend-xmz3RLxt/lib/python3.13/site-packages/starlette/middleware/errors.py", line 165, in __call__
    await self.app(scope, receive, _send)
  File "/home/avinash/.local/share/virtualenvs/backend-xmz3RLxt/lib/python3.13/site-packages/starlette/middleware/cors.py", line 85, in __call__
    await self.app(scope, receive, send)
  File "/home/avinash/.local/share/virtualenvs/backend-xmz3RLxt/lib/python3.13/site-packages/starlette/middleware/base.py", line 176, in __call__
    with recv_stream, send_stream, collapse_excgroups():
                                   ~~~~~~~~~~~~~~~~~~^^
  File "/usr/lib/python3.13/contextlib.py", line 162, in __exit__
    self.gen.throw(value)
    ~~~~~~~~~~~~~~^^^^^^^
  File "/home/avinash/.local/share/virtualenvs/backend-xmz3RLxt/lib/python3.13/site-packages/starlette/_utils.py", line 82, in collapse_excgroups
    raise exc
  File "/home/avinash/.local/share/virtualenvs/backend-xmz3RLxt/lib/python3.13/site-packages/starlette/middleware/base.py", line 178, in __call__
    response = await self.dispatch_func(request, call_next)
               ^^^^^^^^^^^^^^^^^^^^^^^^^^^^^^^^^^^^^^^^^^^^
  File "/home/avinash/Desktop/workspace/personal/todo-webapp-with-timer/backend/utility/middlewares.py", line 19, in dispatch
    response: Response = await call_next(request)
                         ^^^^^^^^^^^^^^^^^^^^^^^^
  File "/home/avinash/.local/share/virtualenvs/backend-xmz3RLxt/lib/python3.13/site-packages/starlette/middleware/base.py", line 156, in call_next
    raise app_exc
  File "/home/avinash/.local/share/virtualenvs/backend-xmz3RLxt/lib/python3.13/site-packages/starlette/middleware/base.py", line 141, in coro
    await self.app(scope, receive_or_disconnect, send_no_error)
  File "/home/avinash/.local/share/virtualenvs/backend-xmz3RLxt/lib/python3.13/site-packages/starlette/middleware/exceptions.py", line 62, in __call__
    await wrap_app_handling_exceptions(self.app, conn)(scope, receive, send)
  File "/home/avinash/.local/share/virtualenvs/backend-xmz3RLxt/lib/python3.13/site-packages/starlette/_exception_handler.py", line 53, in wrapped_app
    raise exc
  File "/home/avinash/.local/share/virtualenvs/backend-xmz3RLxt/lib/python3.13/site-packages/starlette/_exception_handler.py", line 42, in wrapped_app
    await app(scope, receive, sender)
  File "/home/avinash/.local/share/virtualenvs/backend-xmz3RLxt/lib/python3.13/site-packages/starlette/routing.py", line 714, in __call__
    await self.middleware_stack(scope, receive, send)
  File "/home/avinash/.local/share/virtualenvs/backend-xmz3RLxt/lib/python3.13/site-packages/starlette/routing.py", line 734, in app
    await route.handle(scope, receive, send)
  File "/home/avinash/.local/share/virtualenvs/backend-xmz3RLxt/lib/python3.13/site-packages/starlette/routing.py", line 288, in handle
    await self.app(scope, receive, send)
  File "/home/avinash/.local/share/virtualenvs/backend-xmz3RLxt/lib/python3.13/site-packages/starlette/routing.py", line 76, in app
    await wrap_app_handling_exceptions(app, request)(scope, receive, send)
  File "/home/avinash/.local/share/virtualenvs/backend-xmz3RLxt/lib/python3.13/site-packages/starlette/_exception_handler.py", line 53, in wrapped_app
    raise exc
  File "/home/avinash/.local/share/virtualenvs/backend-xmz3RLxt/lib/python3.13/site-packages/starlette/_exception_handler.py", line 42, in wrapped_app
    await app(scope, receive, sender)
  File "/home/avinash/.local/share/virtualenvs/backend-xmz3RLxt/lib/python3.13/site-packages/starlette/routing.py", line 73, in app
    response = await f(request)
               ^^^^^^^^^^^^^^^^
  File "/home/avinash/.local/share/virtualenvs/backend-xmz3RLxt/lib/python3.13/site-packages/fastapi/routing.py", line 327, in app
    content = await serialize_response(
              ^^^^^^^^^^^^^^^^^^^^^^^^^
    ...<9 lines>...
    )
    ^
  File "/home/avinash/.local/share/virtualenvs/backend-xmz3RLxt/lib/python3.13/site-packages/fastapi/routing.py", line 176, in serialize_response
    raise ResponseValidationError(
        errors=_normalize_errors(errors), body=response_content
    )
fastapi.exceptions.ResponseValidationError: 1 validation errors:
  {'type': 'missing', 'loc': ('response', 'data'), 'msg': 'Field required', 'input': {'message': 'Tasks fetched successfully', <coroutine object RepositoryTasks.get_all_tasks at 0x7cc57a05b780>: <coroutine object RepositoryTasks.get_all_tasks at 0x7cc57a05b780>}}

WARNING:  StatReload detected changes in 'tasks/routes.py'. Reloading...
INFO:     Shutting down
INFO:     Waiting for application shutdown.
INFO:     Application shutdown complete.
INFO:     Finished server process [146128]
INFO:     Started server process [146331]
INFO:     Waiting for application startup.
INFO:     Application startup complete.
[2025-06-29 08:53:20] INFO - Request: GET /tasks - Body: None
INFO:     127.0.0.1:36178 - "GET /tasks HTTP/1.1" 500 Internal Server Error
ERROR:    Exception in ASGI application
Traceback (most recent call last):
  File "/home/avinash/.local/share/virtualenvs/backend-xmz3RLxt/lib/python3.13/site-packages/fastapi/encoders.py", line 324, in jsonable_encoder
    data = dict(obj)
TypeError: 'coroutine' object is not iterable

During handling of the above exception, another exception occurred:

Traceback (most recent call last):
  File "/home/avinash/.local/share/virtualenvs/backend-xmz3RLxt/lib/python3.13/site-packages/fastapi/encoders.py", line 329, in jsonable_encoder
    data = vars(obj)
TypeError: vars() argument must have __dict__ attribute

The above exception was the direct cause of the following exception:

Traceback (most recent call last):
  File "/home/avinash/.local/share/virtualenvs/backend-xmz3RLxt/lib/python3.13/site-packages/uvicorn/protocols/http/h11_impl.py", line 403, in run_asgi
    result = await app(  # type: ignore[func-returns-value]
             ^^^^^^^^^^^^^^^^^^^^^^^^^^^^^^^^^^^^^^^^^^^^^^
        self.scope, self.receive, self.send
        ^^^^^^^^^^^^^^^^^^^^^^^^^^^^^^^^^^^
    )
    ^
  File "/home/avinash/.local/share/virtualenvs/backend-xmz3RLxt/lib/python3.13/site-packages/uvicorn/middleware/proxy_headers.py", line 60, in __call__
    return await self.app(scope, receive, send)
           ^^^^^^^^^^^^^^^^^^^^^^^^^^^^^^^^^^^^
  File "/home/avinash/.local/share/virtualenvs/backend-xmz3RLxt/lib/python3.13/site-packages/fastapi/applications.py", line 1054, in __call__
    await super().__call__(scope, receive, send)
  File "/home/avinash/.local/share/virtualenvs/backend-xmz3RLxt/lib/python3.13/site-packages/starlette/applications.py", line 112, in __call__
    await self.middleware_stack(scope, receive, send)
  File "/home/avinash/.local/share/virtualenvs/backend-xmz3RLxt/lib/python3.13/site-packages/starlette/middleware/errors.py", line 187, in __call__
    raise exc
  File "/home/avinash/.local/share/virtualenvs/backend-xmz3RLxt/lib/python3.13/site-packages/starlette/middleware/errors.py", line 165, in __call__
    await self.app(scope, receive, _send)
  File "/home/avinash/.local/share/virtualenvs/backend-xmz3RLxt/lib/python3.13/site-packages/starlette/middleware/cors.py", line 85, in __call__
    await self.app(scope, receive, send)
  File "/home/avinash/.local/share/virtualenvs/backend-xmz3RLxt/lib/python3.13/site-packages/starlette/middleware/base.py", line 176, in __call__
    with recv_stream, send_stream, collapse_excgroups():
                                   ~~~~~~~~~~~~~~~~~~^^
  File "/usr/lib/python3.13/contextlib.py", line 162, in __exit__
    self.gen.throw(value)
    ~~~~~~~~~~~~~~^^^^^^^
  File "/home/avinash/.local/share/virtualenvs/backend-xmz3RLxt/lib/python3.13/site-packages/starlette/_utils.py", line 82, in collapse_excgroups
    raise exc
  File "/home/avinash/.local/share/virtualenvs/backend-xmz3RLxt/lib/python3.13/site-packages/starlette/middleware/base.py", line 178, in __call__
    response = await self.dispatch_func(request, call_next)
               ^^^^^^^^^^^^^^^^^^^^^^^^^^^^^^^^^^^^^^^^^^^^
  File "/home/avinash/Desktop/workspace/personal/todo-webapp-with-timer/backend/utility/middlewares.py", line 19, in dispatch
    response: Response = await call_next(request)
                         ^^^^^^^^^^^^^^^^^^^^^^^^
  File "/home/avinash/.local/share/virtualenvs/backend-xmz3RLxt/lib/python3.13/site-packages/starlette/middleware/base.py", line 156, in call_next
    raise app_exc
  File "/home/avinash/.local/share/virtualenvs/backend-xmz3RLxt/lib/python3.13/site-packages/starlette/middleware/base.py", line 141, in coro
    await self.app(scope, receive_or_disconnect, send_no_error)
  File "/home/avinash/.local/share/virtualenvs/backend-xmz3RLxt/lib/python3.13/site-packages/starlette/middleware/exceptions.py", line 62, in __call__
    await wrap_app_handling_exceptions(self.app, conn)(scope, receive, send)
  File "/home/avinash/.local/share/virtualenvs/backend-xmz3RLxt/lib/python3.13/site-packages/starlette/_exception_handler.py", line 53, in wrapped_app
    raise exc
  File "/home/avinash/.local/share/virtualenvs/backend-xmz3RLxt/lib/python3.13/site-packages/starlette/_exception_handler.py", line 42, in wrapped_app
    await app(scope, receive, sender)
  File "/home/avinash/.local/share/virtualenvs/backend-xmz3RLxt/lib/python3.13/site-packages/starlette/routing.py", line 714, in __call__
    await self.middleware_stack(scope, receive, send)
  File "/home/avinash/.local/share/virtualenvs/backend-xmz3RLxt/lib/python3.13/site-packages/starlette/routing.py", line 734, in app
    await route.handle(scope, receive, send)
  File "/home/avinash/.local/share/virtualenvs/backend-xmz3RLxt/lib/python3.13/site-packages/starlette/routing.py", line 288, in handle
    await self.app(scope, receive, send)
  File "/home/avinash/.local/share/virtualenvs/backend-xmz3RLxt/lib/python3.13/site-packages/starlette/routing.py", line 76, in app
    await wrap_app_handling_exceptions(app, request)(scope, receive, send)
  File "/home/avinash/.local/share/virtualenvs/backend-xmz3RLxt/lib/python3.13/site-packages/starlette/_exception_handler.py", line 53, in wrapped_app
    raise exc
  File "/home/avinash/.local/share/virtualenvs/backend-xmz3RLxt/lib/python3.13/site-packages/starlette/_exception_handler.py", line 42, in wrapped_app
    await app(scope, receive, sender)
  File "/home/avinash/.local/share/virtualenvs/backend-xmz3RLxt/lib/python3.13/site-packages/starlette/routing.py", line 73, in app
    response = await f(request)
               ^^^^^^^^^^^^^^^^
  File "/home/avinash/.local/share/virtualenvs/backend-xmz3RLxt/lib/python3.13/site-packages/fastapi/routing.py", line 327, in app
    content = await serialize_response(
              ^^^^^^^^^^^^^^^^^^^^^^^^^
    ...<9 lines>...
    )
    ^
  File "/home/avinash/.local/share/virtualenvs/backend-xmz3RLxt/lib/python3.13/site-packages/fastapi/routing.py", line 201, in serialize_response
    return jsonable_encoder(response_content)
  File "/home/avinash/.local/share/virtualenvs/backend-xmz3RLxt/lib/python3.13/site-packages/fastapi/encoders.py", line 281, in jsonable_encoder
    encoded_key = jsonable_encoder(
        key,
    ...<4 lines>...
        sqlalchemy_safe=sqlalchemy_safe,
    )
  File "/home/avinash/.local/share/virtualenvs/backend-xmz3RLxt/lib/python3.13/site-packages/fastapi/encoders.py", line 332, in jsonable_encoder
    raise ValueError(errors) from e
ValueError: [TypeError("'coroutine' object is not iterable"), TypeError('vars() argument must have __dict__ attribute')]
WARNING:  StatReload detected changes in 'tasks/routes.py'. Reloading...
INFO:     Shutting down
INFO:     Waiting for application shutdown.
INFO:     Application shutdown complete.
INFO:     Finished server process [146331]
INFO:     Started server process [146600]
INFO:     Waiting for application startup.
INFO:     Application startup complete.
[2025-06-29 08:54:12] INFO - Request: GET /tasks - Body: None
INFO:     127.0.0.1:51732 - "GET /tasks HTTP/1.1" 500 Internal Server Error
ERROR:    Exception in ASGI application
Traceback (most recent call last):
  File "/home/avinash/.local/share/virtualenvs/backend-xmz3RLxt/lib/python3.13/site-packages/fastapi/encoders.py", line 324, in jsonable_encoder
    data = dict(obj)
TypeError: 'coroutine' object is not iterable

During handling of the above exception, another exception occurred:

Traceback (most recent call last):
  File "/home/avinash/.local/share/virtualenvs/backend-xmz3RLxt/lib/python3.13/site-packages/fastapi/encoders.py", line 329, in jsonable_encoder
    data = vars(obj)
TypeError: vars() argument must have __dict__ attribute

The above exception was the direct cause of the following exception:

Traceback (most recent call last):
  File "/home/avinash/.local/share/virtualenvs/backend-xmz3RLxt/lib/python3.13/site-packages/uvicorn/protocols/http/h11_impl.py", line 403, in run_asgi
    result = await app(  # type: ignore[func-returns-value]
             ^^^^^^^^^^^^^^^^^^^^^^^^^^^^^^^^^^^^^^^^^^^^^^
        self.scope, self.receive, self.send
        ^^^^^^^^^^^^^^^^^^^^^^^^^^^^^^^^^^^
    )
    ^
  File "/home/avinash/.local/share/virtualenvs/backend-xmz3RLxt/lib/python3.13/site-packages/uvicorn/middleware/proxy_headers.py", line 60, in __call__
    return await self.app(scope, receive, send)
           ^^^^^^^^^^^^^^^^^^^^^^^^^^^^^^^^^^^^
  File "/home/avinash/.local/share/virtualenvs/backend-xmz3RLxt/lib/python3.13/site-packages/fastapi/applications.py", line 1054, in __call__
    await super().__call__(scope, receive, send)
  File "/home/avinash/.local/share/virtualenvs/backend-xmz3RLxt/lib/python3.13/site-packages/starlette/applications.py", line 112, in __call__
    await self.middleware_stack(scope, receive, send)
  File "/home/avinash/.local/share/virtualenvs/backend-xmz3RLxt/lib/python3.13/site-packages/starlette/middleware/errors.py", line 187, in __call__
    raise exc
  File "/home/avinash/.local/share/virtualenvs/backend-xmz3RLxt/lib/python3.13/site-packages/starlette/middleware/errors.py", line 165, in __call__
    await self.app(scope, receive, _send)
  File "/home/avinash/.local/share/virtualenvs/backend-xmz3RLxt/lib/python3.13/site-packages/starlette/middleware/cors.py", line 85, in __call__
    await self.app(scope, receive, send)
  File "/home/avinash/.local/share/virtualenvs/backend-xmz3RLxt/lib/python3.13/site-packages/starlette/middleware/base.py", line 176, in __call__
    with recv_stream, send_stream, collapse_excgroups():
                                   ~~~~~~~~~~~~~~~~~~^^
  File "/usr/lib/python3.13/contextlib.py", line 162, in __exit__
    self.gen.throw(value)
    ~~~~~~~~~~~~~~^^^^^^^
  File "/home/avinash/.local/share/virtualenvs/backend-xmz3RLxt/lib/python3.13/site-packages/starlette/_utils.py", line 82, in collapse_excgroups
    raise exc
  File "/home/avinash/.local/share/virtualenvs/backend-xmz3RLxt/lib/python3.13/site-packages/starlette/middleware/base.py", line 178, in __call__
    response = await self.dispatch_func(request, call_next)
               ^^^^^^^^^^^^^^^^^^^^^^^^^^^^^^^^^^^^^^^^^^^^
  File "/home/avinash/Desktop/workspace/personal/todo-webapp-with-timer/backend/utility/middlewares.py", line 19, in dispatch
    response: Response = await call_next(request)
                         ^^^^^^^^^^^^^^^^^^^^^^^^
  File "/home/avinash/.local/share/virtualenvs/backend-xmz3RLxt/lib/python3.13/site-packages/starlette/middleware/base.py", line 156, in call_next
    raise app_exc
  File "/home/avinash/.local/share/virtualenvs/backend-xmz3RLxt/lib/python3.13/site-packages/starlette/middleware/base.py", line 141, in coro
    await self.app(scope, receive_or_disconnect, send_no_error)
  File "/home/avinash/.local/share/virtualenvs/backend-xmz3RLxt/lib/python3.13/site-packages/starlette/middleware/exceptions.py", line 62, in __call__
    await wrap_app_handling_exceptions(self.app, conn)(scope, receive, send)
  File "/home/avinash/.local/share/virtualenvs/backend-xmz3RLxt/lib/python3.13/site-packages/starlette/_exception_handler.py", line 53, in wrapped_app
    raise exc
  File "/home/avinash/.local/share/virtualenvs/backend-xmz3RLxt/lib/python3.13/site-packages/starlette/_exception_handler.py", line 42, in wrapped_app
    await app(scope, receive, sender)
  File "/home/avinash/.local/share/virtualenvs/backend-xmz3RLxt/lib/python3.13/site-packages/starlette/routing.py", line 714, in __call__
    await self.middleware_stack(scope, receive, send)
  File "/home/avinash/.local/share/virtualenvs/backend-xmz3RLxt/lib/python3.13/site-packages/starlette/routing.py", line 734, in app
    await route.handle(scope, receive, send)
  File "/home/avinash/.local/share/virtualenvs/backend-xmz3RLxt/lib/python3.13/site-packages/starlette/routing.py", line 288, in handle
    await self.app(scope, receive, send)
  File "/home/avinash/.local/share/virtualenvs/backend-xmz3RLxt/lib/python3.13/site-packages/starlette/routing.py", line 76, in app
    await wrap_app_handling_exceptions(app, request)(scope, receive, send)
  File "/home/avinash/.local/share/virtualenvs/backend-xmz3RLxt/lib/python3.13/site-packages/starlette/_exception_handler.py", line 53, in wrapped_app
    raise exc
  File "/home/avinash/.local/share/virtualenvs/backend-xmz3RLxt/lib/python3.13/site-packages/starlette/_exception_handler.py", line 42, in wrapped_app
    await app(scope, receive, sender)
  File "/home/avinash/.local/share/virtualenvs/backend-xmz3RLxt/lib/python3.13/site-packages/starlette/routing.py", line 73, in app
    response = await f(request)
               ^^^^^^^^^^^^^^^^
  File "/home/avinash/.local/share/virtualenvs/backend-xmz3RLxt/lib/python3.13/site-packages/fastapi/routing.py", line 327, in app
    content = await serialize_response(
              ^^^^^^^^^^^^^^^^^^^^^^^^^
    ...<9 lines>...
    )
    ^
  File "/home/avinash/.local/share/virtualenvs/backend-xmz3RLxt/lib/python3.13/site-packages/fastapi/routing.py", line 201, in serialize_response
    return jsonable_encoder(response_content)
  File "/home/avinash/.local/share/virtualenvs/backend-xmz3RLxt/lib/python3.13/site-packages/fastapi/encoders.py", line 289, in jsonable_encoder
    encoded_value = jsonable_encoder(
        value,
    ...<4 lines>...
        sqlalchemy_safe=sqlalchemy_safe,
    )
  File "/home/avinash/.local/share/virtualenvs/backend-xmz3RLxt/lib/python3.13/site-packages/fastapi/encoders.py", line 332, in jsonable_encoder
    raise ValueError(errors) from e
ValueError: [TypeError("'coroutine' object is not iterable"), TypeError('vars() argument must have __dict__ attribute')]
[2025-06-29 08:54:13] INFO - Request: GET /tasks - Body: None
INFO:     127.0.0.1:51734 - "GET /tasks HTTP/1.1" 500 Internal Server Error
ERROR:    Exception in ASGI application
Traceback (most recent call last):
  File "/home/avinash/.local/share/virtualenvs/backend-xmz3RLxt/lib/python3.13/site-packages/fastapi/encoders.py", line 324, in jsonable_encoder
    data = dict(obj)
TypeError: 'coroutine' object is not iterable

During handling of the above exception, another exception occurred:

Traceback (most recent call last):
  File "/home/avinash/.local/share/virtualenvs/backend-xmz3RLxt/lib/python3.13/site-packages/fastapi/encoders.py", line 329, in jsonable_encoder
    data = vars(obj)
TypeError: vars() argument must have __dict__ attribute

The above exception was the direct cause of the following exception:

Traceback (most recent call last):
  File "/home/avinash/.local/share/virtualenvs/backend-xmz3RLxt/lib/python3.13/site-packages/uvicorn/protocols/http/h11_impl.py", line 403, in run_asgi
    result = await app(  # type: ignore[func-returns-value]
             ^^^^^^^^^^^^^^^^^^^^^^^^^^^^^^^^^^^^^^^^^^^^^^
        self.scope, self.receive, self.send
        ^^^^^^^^^^^^^^^^^^^^^^^^^^^^^^^^^^^
    )
    ^
  File "/home/avinash/.local/share/virtualenvs/backend-xmz3RLxt/lib/python3.13/site-packages/uvicorn/middleware/proxy_headers.py", line 60, in __call__
    return await self.app(scope, receive, send)
           ^^^^^^^^^^^^^^^^^^^^^^^^^^^^^^^^^^^^
  File "/home/avinash/.local/share/virtualenvs/backend-xmz3RLxt/lib/python3.13/site-packages/fastapi/applications.py", line 1054, in __call__
    await super().__call__(scope, receive, send)
  File "/home/avinash/.local/share/virtualenvs/backend-xmz3RLxt/lib/python3.13/site-packages/starlette/applications.py", line 112, in __call__
    await self.middleware_stack(scope, receive, send)
  File "/home/avinash/.local/share/virtualenvs/backend-xmz3RLxt/lib/python3.13/site-packages/starlette/middleware/errors.py", line 187, in __call__
    raise exc
  File "/home/avinash/.local/share/virtualenvs/backend-xmz3RLxt/lib/python3.13/site-packages/starlette/middleware/errors.py", line 165, in __call__
    await self.app(scope, receive, _send)
  File "/home/avinash/.local/share/virtualenvs/backend-xmz3RLxt/lib/python3.13/site-packages/starlette/middleware/cors.py", line 85, in __call__
    await self.app(scope, receive, send)
  File "/home/avinash/.local/share/virtualenvs/backend-xmz3RLxt/lib/python3.13/site-packages/starlette/middleware/base.py", line 176, in __call__
    with recv_stream, send_stream, collapse_excgroups():
                                   ~~~~~~~~~~~~~~~~~~^^
  File "/usr/lib/python3.13/contextlib.py", line 162, in __exit__
    self.gen.throw(value)
    ~~~~~~~~~~~~~~^^^^^^^
  File "/home/avinash/.local/share/virtualenvs/backend-xmz3RLxt/lib/python3.13/site-packages/starlette/_utils.py", line 82, in collapse_excgroups
    raise exc
  File "/home/avinash/.local/share/virtualenvs/backend-xmz3RLxt/lib/python3.13/site-packages/starlette/middleware/base.py", line 178, in __call__
    response = await self.dispatch_func(request, call_next)
               ^^^^^^^^^^^^^^^^^^^^^^^^^^^^^^^^^^^^^^^^^^^^
  File "/home/avinash/Desktop/workspace/personal/todo-webapp-with-timer/backend/utility/middlewares.py", line 19, in dispatch
    response: Response = await call_next(request)
                         ^^^^^^^^^^^^^^^^^^^^^^^^
  File "/home/avinash/.local/share/virtualenvs/backend-xmz3RLxt/lib/python3.13/site-packages/starlette/middleware/base.py", line 156, in call_next
    raise app_exc
  File "/home/avinash/.local/share/virtualenvs/backend-xmz3RLxt/lib/python3.13/site-packages/starlette/middleware/base.py", line 141, in coro
    await self.app(scope, receive_or_disconnect, send_no_error)
  File "/home/avinash/.local/share/virtualenvs/backend-xmz3RLxt/lib/python3.13/site-packages/starlette/middleware/exceptions.py", line 62, in __call__
    await wrap_app_handling_exceptions(self.app, conn)(scope, receive, send)
  File "/home/avinash/.local/share/virtualenvs/backend-xmz3RLxt/lib/python3.13/site-packages/starlette/_exception_handler.py", line 53, in wrapped_app
    raise exc
  File "/home/avinash/.local/share/virtualenvs/backend-xmz3RLxt/lib/python3.13/site-packages/starlette/_exception_handler.py", line 42, in wrapped_app
    await app(scope, receive, sender)
  File "/home/avinash/.local/share/virtualenvs/backend-xmz3RLxt/lib/python3.13/site-packages/starlette/routing.py", line 714, in __call__
    await self.middleware_stack(scope, receive, send)
  File "/home/avinash/.local/share/virtualenvs/backend-xmz3RLxt/lib/python3.13/site-packages/starlette/routing.py", line 734, in app
    await route.handle(scope, receive, send)
  File "/home/avinash/.local/share/virtualenvs/backend-xmz3RLxt/lib/python3.13/site-packages/starlette/routing.py", line 288, in handle
    await self.app(scope, receive, send)
  File "/home/avinash/.local/share/virtualenvs/backend-xmz3RLxt/lib/python3.13/site-packages/starlette/routing.py", line 76, in app
    await wrap_app_handling_exceptions(app, request)(scope, receive, send)
  File "/home/avinash/.local/share/virtualenvs/backend-xmz3RLxt/lib/python3.13/site-packages/starlette/_exception_handler.py", line 53, in wrapped_app
    raise exc
  File "/home/avinash/.local/share/virtualenvs/backend-xmz3RLxt/lib/python3.13/site-packages/starlette/_exception_handler.py", line 42, in wrapped_app
    await app(scope, receive, sender)
  File "/home/avinash/.local/share/virtualenvs/backend-xmz3RLxt/lib/python3.13/site-packages/starlette/routing.py", line 73, in app
    response = await f(request)
               ^^^^^^^^^^^^^^^^
  File "/home/avinash/.local/share/virtualenvs/backend-xmz3RLxt/lib/python3.13/site-packages/fastapi/routing.py", line 327, in app
    content = await serialize_response(
              ^^^^^^^^^^^^^^^^^^^^^^^^^
    ...<9 lines>...
    )
    ^
  File "/home/avinash/.local/share/virtualenvs/backend-xmz3RLxt/lib/python3.13/site-packages/fastapi/routing.py", line 201, in serialize_response
    return jsonable_encoder(response_content)
  File "/home/avinash/.local/share/virtualenvs/backend-xmz3RLxt/lib/python3.13/site-packages/fastapi/encoders.py", line 289, in jsonable_encoder
    encoded_value = jsonable_encoder(
        value,
    ...<4 lines>...
        sqlalchemy_safe=sqlalchemy_safe,
    )
  File "/home/avinash/.local/share/virtualenvs/backend-xmz3RLxt/lib/python3.13/site-packages/fastapi/encoders.py", line 332, in jsonable_encoder
    raise ValueError(errors) from e
ValueError: [TypeError("'coroutine' object is not iterable"), TypeError('vars() argument must have __dict__ attribute')]
WARNING:  StatReload detected changes in 'tasks/routes.py'. Reloading...
INFO:     Shutting down
INFO:     Waiting for application shutdown.
INFO:     Application shutdown complete.
INFO:     Finished server process [146600]
INFO:     Started server process [146922]
INFO:     Waiting for application startup.
INFO:     Application startup complete.
/home/avinash/Desktop/workspace/personal/todo-webapp-with-timer/backend/app.py:27: DeprecationWarning: 
        on_event is deprecated, use lifespan event handlers instead.

        Read more about it in the
        [FastAPI docs for Lifespan Events](https://fastapi.tiangolo.com/advanced/events/).
        
  @app.on_event("startup")
/home/avinash/Desktop/workspace/personal/todo-webapp-with-timer/backend/app.py:31: DeprecationWarning: 
        on_event is deprecated, use lifespan event handlers instead.

        Read more about it in the
        [FastAPI docs for Lifespan Events](https://fastapi.tiangolo.com/advanced/events/).
        
  @app.on_event("shutdown")
INFO:     Will watch for changes in these directories: ['/home/avinash/Desktop/workspace/personal/todo-webapp-with-timer/backend']
INFO:     Uvicorn running on http://127.0.0.1:8000 (Press CTRL+C to quit)
INFO:     Started reloader process [8620] using StatReload
INFO:     Started server process [8717]
INFO:     Waiting for application startup.
INFO:     Application startup complete.
